
	{"name":"Process model discovered from SEPSIS.xes",
	"tasks":["CRP","Release B","Leucocytes","Release A","ER Registration","IV Liquid","Release D","Release C","Release E","Admission IC","Return ER","Admission NC","ER Sepsis Triage","LacticAcid","ER Triage","IV Antibiotics"],
	"constraints":[
	
	{"template":"NotSuccession","parameters":[["Release C"],["ER Triage"]],"support":1.0,"confidence":1.0,"interestFactor":1.0},
	{"template":"NotSuccession","parameters":[["Release B"],["Release A"]],"support":0.6923809523809524,"confidence":1.0,"interestFactor":1.0},
	{"template":"RespondedExistence","parameters":[["LacticAcid"],["Leucocytes"]],"support":0.819047619047619,"confidence":1.0,"interestFactor":1.0},
	{"template":"AlternatePrecedence","parameters":[["ER Sepsis Triage"],["Release E"]],"support":0.005714285714285714,"confidence":1.0,"interestFactor":1.0},
	{"template":"RespondedExistence","parameters":[["IV Antibiotics"],["ER Triage"]],"support":0.7838095238095238,"confidence":1.0,"interestFactor":1.0},
	{"template":"RespondedExistence","parameters":[["Release C"],["ER Triage"]],"support":0.023809523809523808,"confidence":1.0,"interestFactor":1.0},
	{"template":"NotSuccession","parameters":[["Release E"],["LacticAcid"]],"support":0.820952380952381,"confidence":1.0,"interestFactor":1.0},
	{"template":"RespondedExistence","parameters":[["LacticAcid"],["ER Registration"]],"support":0.819047619047619,"confidence":1.0,"interestFactor":1.0},
	{"template":"RespondedExistence","parameters":[["IV Liquid"],["ER Triage"]],"support":0.7171428571428572,"confidence":1.0,"interestFactor":1.0},
	{"template":"RespondedExistence","parameters":[["Leucocytes"],["ER Triage"]],"support":0.9638095238095238,"confidence":1.0,"interestFactor":1.0},
	{"template":"NotSuccession","parameters":[["Release D"],["Release E"]],"support":0.02857142857142857,"confidence":1.0,"interestFactor":1.0},
	{"template":"NotSuccession","parameters":[["Release B"],["CRP"]],"support":0.959047619047619,"confidence":1.0,"interestFactor":1.0},
	{"template":"AlternatePrecedence","parameters":[["ER Registration"],["Release E"]],"support":0.005714285714285714,"confidence":1.0,"interestFactor":1.0},
	{"template":"Precedence","parameters":[["ER Triage"],["Admission NC"]],"support":0.7619047619047619,"confidence":1.0,"interestFactor":1.0},
	{"template":"RespondedExistence","parameters":[["Admission NC"],["ER Triage"]],"support":0.7619047619047619,"confidence":1.0,"interestFactor":1.0},
	{"template":"RespondedExistence","parameters":[["IV Antibiotics"],["ER Sepsis Triage"]],"support":0.7838095238095238,"confidence":1.0,"interestFactor":1.0},
	{"template":"NotSuccession","parameters":[["Return ER"],["Release A"]],"support":0.6552380952380953,"confidence":1.0,"interestFactor":1.0},
	{"template":"NotCoExistence","parameters":[["Release D"],["Release C"]],"support":0.04666666666666667,"confidence":1.0,"interestFactor":1.0},
	{"template":"NotCoExistence","parameters":[["Release C"],["Release A"]],"support":0.6628571428571428,"confidence":1.0,"interestFactor":1.0},
	{"template":"RespondedExistence","parameters":[["Release E"],["Leucocytes"]],"support":0.005714285714285714,"confidence":1.0,"interestFactor":1.0},
	{"template":"NotSuccession","parameters":[["Release C"],["ER Sepsis Triage"]],"support":0.9990476190476191,"confidence":1.0,"interestFactor":1.0},
	{"template":"AtMostOne","parameters":[["ER Registration"]],"support":1.0,"confidence":1.0,"interestFactor":1.0},
	{"template":"NotCoExistence","parameters":[["Release A"],["Release E"]],"support":0.6447619047619048,"confidence":1.0,"interestFactor":1.0},
	{"template":"CoExistence","parameters":[["ER Registration"],["ER Triage"]],"support":1.0,"confidence":1.0,"interestFactor":1.0},
	{"template":"RespondedExistence","parameters":[["IV Liquid"],["ER Sepsis Triage"]],"support":0.7171428571428572,"confidence":1.0,"interestFactor":1.0},
	{"template":"RespondedExistence","parameters":[["IV Liquid"],["IV Antibiotics"]],"support":0.7171428571428572,"confidence":1.0,"interestFactor":1.0},
	{"template":"RespondedExistence","parameters":[["Release B"],["CRP"]],"support":0.05333333333333334,"confidence":1.0,"interestFactor":1.0},
	{"template":"Precedence","parameters":[["ER Triage"],["Release A"]],"support":0.6390476190476191,"confidence":1.0,"interestFactor":1.0},
	{"template":"NotSuccession","parameters":[["Release E"],["ER Registration"]],"support":1.0,"confidence":1.0,"interestFactor":1.0},
	{"template":"RespondedExistence","parameters":[["ER Sepsis Triage"],["ER Registration"]],"support":0.9990476190476191,"confidence":1.0,"interestFactor":1.0},
	{"template":"NotSuccession","parameters":[["Release C"],["Admission IC"]],"support":0.12761904761904763,"confidence":1.0,"interestFactor":1.0},
	{"template":"NotSuccession","parameters":[["Release C"],["IV Antibiotics"]],"support":0.7876190476190477,"confidence":1.0,"interestFactor":1.0},
	{"template":"Precedence","parameters":[["ER Sepsis Triage"],["Release E"]],"support":0.005714285714285714,"confidence":1.0,"interestFactor":1.0},
	{"template":"NotSuccession","parameters":[["Release A"],["ER Registration"]],"support":1.0,"confidence":1.0,"interestFactor":1.0},
	{"template":"NotSuccession","parameters":[["Release B"],["IV Liquid"]],"support":0.7304761904761905,"confidence":1.0,"interestFactor":1.0},
	{"template":"NotSuccession","parameters":[["IV Antibiotics"],["ER Sepsis Triage"]],"support":0.9990476190476191,"confidence":1.0,"interestFactor":1.0},
	{"template":"RespondedExistence","parameters":[["Release B"],["ER Sepsis Triage"]],"support":0.05333333333333334,"confidence":1.0,"interestFactor":1.0},
	{"template":"NotSuccession","parameters":[["Release C"],["Release D"]],"support":0.04666666666666667,"confidence":1.0,"interestFactor":1.0},
	{"template":"RespondedExistence","parameters":[["Release B"],["ER Registration"]],"support":0.05333333333333334,"confidence":1.0,"interestFactor":1.0},
	{"template":"NotSuccession","parameters":[["Release E"],["Leucocytes"]],"support":0.9638095238095238,"confidence":1.0,"interestFactor":1.0},
	{"template":"Precedence","parameters":[["CRP"],["Release B"]],"support":0.05333333333333334,"confidence":1.0,"interestFactor":1.0},
	{"template":"NotSuccession","parameters":[["Return ER"],["Release B"]],"support":0.3333333333333333,"confidence":1.0,"interestFactor":1.0},
	{"template":"AlternatePrecedence","parameters":[["CRP"],["Release B"]],"support":0.05333333333333334,"confidence":1.0,"interestFactor":1.0},
	{"template":"NotCoExistence","parameters":[["Release E"],["Release D"]],"support":0.02857142857142857,"confidence":1.0,"interestFactor":1.0},
	{"template":"RespondedExistence","parameters":[["Release E"],["Admission NC"]],"support":0.005714285714285714,"confidence":1.0,"interestFactor":1.0},
	{"template":"NotCoExistence","parameters":[["Release D"],["Release B"]],"support":0.0761904761904762,"confidence":1.0,"interestFactor":1.0},
	{"template":"NotSuccession","parameters":[["Return ER"],["Admission NC"]],"support":0.7619047619047619,"confidence":1.0,"interestFactor":1.0},
	{"template":"Participation","parameters":[["ER Registration"]],"support":1.0,"confidence":1.0,"interestFactor":1.0},
	{"template":"NotSuccession","parameters":[["Return ER"],["IV Liquid"]],"support":0.7657142857142857,"confidence":1.0,"interestFactor":1.0},
	{"template":"NotCoExistence","parameters":[["Release A"],["Release D"]],"support":0.6619047619047619,"confidence":1.0,"interestFactor":1.0},
	{"template":"NotSuccession","parameters":[["Release B"],["ER Triage"]],"support":1.0,"confidence":1.0,"interestFactor":1.0},
	{"template":"AlternatePrecedence","parameters":[["Admission NC"],["Release E"]],"support":0.005714285714285714,"confidence":1.0,"interestFactor":1.0},
	{"template":"RespondedExistence","parameters":[["ER Registration"],["ER Triage"]],"support":1.0,"confidence":1.0,"interestFactor":1.0},
	{"template":"NotSuccession","parameters":[["Release E"],["Release A"]],"support":0.6447619047619048,"confidence":1.0,"interestFactor":1.0},
	{"template":"RespondedExistence","parameters":[["Release B"],["ER Triage"]],"support":0.05333333333333334,"confidence":1.0,"interestFactor":1.0},
	{"template":"Precedence","parameters":[["ER Sepsis Triage"],["IV Antibiotics"]],"support":0.7838095238095238,"confidence":1.0,"interestFactor":1.0},
	{"template":"NotSuccession","parameters":[["Admission IC"],["ER Triage"]],"support":1.0,"confidence":1.0,"interestFactor":1.0},
	{"template":"Precedence","parameters":[["ER Triage"],["Release B"]],"support":0.05333333333333334,"confidence":1.0,"interestFactor":1.0},
	{"template":"RespondedExistence","parameters":[["Return ER"],["ER Registration"]],"support":0.28,"confidence":1.0,"interestFactor":1.0},
	{"template":"Precedence","parameters":[["ER Sepsis Triage"],["Release D"]],"support":0.022857142857142857,"confidence":1.0,"interestFactor":1.0},
	{"template":"AtMostOne","parameters":[["Release A"]],"support":0.6390476190476191,"confidence":1.0,"interestFactor":1.0},
	{"template":"NotSuccession","parameters":[["Release D"],["LacticAcid"]],"support":0.820952380952381,"confidence":1.0,"interestFactor":1.0},
	{"template":"NotSuccession","parameters":[["Release C"],["Release E"]],"support":0.029523809523809525,"confidence":1.0,"interestFactor":1.0},
	{"template":"NotSuccession","parameters":[["Release D"],["Leucocytes"]],"support":0.9638095238095238,"confidence":1.0,"interestFactor":1.0},
	{"template":"NotSuccession","parameters":[["Release B"],["Release C"]],"support":0.07714285714285714,"confidence":1.0,"interestFactor":1.0},
	{"template":"Precedence","parameters":[["CRP"],["Release C"]],"support":0.023809523809523808,"confidence":1.0,"interestFactor":1.0},
	{"template":"Precedence","parameters":[["ER Triage"],["Admission IC"]],"support":0.10476190476190476,"confidence":1.0,"interestFactor":1.0},
	{"template":"NotSuccession","parameters":[["Release C"],["CRP"]],"support":0.959047619047619,"confidence":1.0,"interestFactor":1.0},
	{"template":"Precedence","parameters":[["ER Registration"],["Admission NC"]],"support":0.7619047619047619,"confidence":1.0,"interestFactor":1.0},
	{"template":"AlternatePrecedence","parameters":[["ER Registration"],["Release C"]],"support":0.023809523809523808,"confidence":1.0,"interestFactor":1.0},
	{"template":"RespondedExistence","parameters":[["Release D"],["Leucocytes"]],"support":0.022857142857142857,"confidence":1.0,"interestFactor":1.0},
	{"template":"NotCoExistence","parameters":[["Release B"],["Release A"]],"support":0.6923809523809524,"confidence":1.0,"interestFactor":1.0},
	{"template":"AlternatePrecedence","parameters":[["Leucocytes"],["Release B"]],"support":0.05333333333333334,"confidence":1.0,"interestFactor":1.0},
	{"template":"NotCoExistence","parameters":[["Release D"],["Release E"]],"support":0.02857142857142857,"confidence":1.0,"interestFactor":1.0},
	{"template":"CoExistence","parameters":[["ER Triage"],["ER Registration"]],"support":1.0,"confidence":1.0,"interestFactor":1.0},
	{"template":"NotSuccession","parameters":[["Release E"],["Admission NC"]],"support":0.7619047619047619,"confidence":1.0,"interestFactor":1.0},
	{"template":"AlternatePrecedence","parameters":[["Admission NC"],["Release D"]],"support":0.022857142857142857,"confidence":1.0,"interestFactor":1.0},
	{"template":"NotSuccession","parameters":[["Release B"],["ER Sepsis Triage"]],"support":0.9990476190476191,"confidence":1.0,"interestFactor":1.0},
	{"template":"RespondedExistence","parameters":[["Admission IC"],["CRP"]],"support":0.10476190476190476,"confidence":1.0,"interestFactor":1.0},
	{"template":"NotSuccession","parameters":[["Release E"],["Release B"]],"support":0.05904761904761905,"confidence":1.0,"interestFactor":1.0},
	{"template":"RespondedExistence","parameters":[["LacticAcid"],["CRP"]],"support":0.819047619047619,"confidence":1.0,"interestFactor":1.0},
	{"template":"AtMostOne","parameters":[["IV Liquid"]],"support":0.7171428571428572,"confidence":1.0,"interestFactor":1.0},
	{"template":"RespondedExistence","parameters":[["Release C"],["CRP"]],"support":0.023809523809523808,"confidence":1.0,"interestFactor":1.0},
	{"template":"Precedence","parameters":[["ER Triage"],["Release C"]],"support":0.023809523809523808,"confidence":1.0,"interestFactor":1.0},
	{"template":"NotSuccession","parameters":[["Release B"],["Admission IC"]],"support":0.1457142857142857,"confidence":1.0,"interestFactor":1.0},
	{"template":"NotSuccession","parameters":[["Release D"],["ER Registration"]],"support":1.0,"confidence":1.0,"interestFactor":1.0},
	{"template":"AlternatePrecedence","parameters":[["ER Registration"],["Return ER"]],"support":0.28,"confidence":1.0,"interestFactor":1.0},
	{"template":"NotSuccession","parameters":[["Release B"],["IV Antibiotics"]],"support":0.7942857142857143,"confidence":1.0,"interestFactor":1.0},
	{"template":"Precedence","parameters":[["ER Sepsis Triage"],["Release C"]],"support":0.023809523809523808,"confidence":1.0,"interestFactor":1.0},
	{"template":"AtMostOne","parameters":[["Release B"]],"support":0.05333333333333334,"confidence":1.0,"interestFactor":1.0},
	{"template":"NotSuccession","parameters":[["Release E"],["IV Liquid"]],"support":0.72,"confidence":1.0,"interestFactor":1.0},
	{"template":"NotSuccession","parameters":[["Release A"],["Admission NC"]],"support":0.7628571428571429,"confidence":1.0,"interestFactor":1.0},
	{"template":"RespondedExistence","parameters":[["Release C"],["ER Sepsis Triage"]],"support":0.023809523809523808,"confidence":1.0,"interestFactor":1.0},
	{"template":"NotSuccession","parameters":[["Release B"],["Release D"]],"support":0.0761904761904762,"confidence":1.0,"interestFactor":1.0},
	{"template":"Precedence","parameters":[["CRP"],["Release E"]],"support":0.005714285714285714,"confidence":1.0,"interestFactor":1.0},
	{"template":"NotSuccession","parameters":[["Release A"],["Release B"]],"support":0.6923809523809524,"confidence":1.0,"interestFactor":1.0},
	{"template":"RespondedExistence","parameters":[["Leucocytes"],["ER Registration"]],"support":0.9638095238095238,"confidence":1.0,"interestFactor":1.0},
	{"template":"NotSuccession","parameters":[["Release A"],["IV Liquid"]],"support":0.8428571428571429,"confidence":1.0,"interestFactor":1.0},
	{"template":"Precedence","parameters":[["CRP"],["Release D"]],"support":0.022857142857142857,"confidence":1.0,"interestFactor":1.0},
	{"template":"RespondedExistence","parameters":[["Release A"],["ER Registration"]],"support":0.6390476190476191,"confidence":1.0,"interestFactor":1.0},
	{"template":"NotSuccession","parameters":[["Return ER"],["ER Registration"]],"support":1.0,"confidence":1.0,"interestFactor":1.0},
	{"template":"AtMostOne","parameters":[["IV Antibiotics"]],"support":0.7838095238095238,"confidence":1.0,"interestFactor":1.0},
	{"template":"Precedence","parameters":[["ER Registration"],["Release A"]],"support":0.6390476190476191,"confidence":1.0,"interestFactor":1.0},
	{"template":"Precedence","parameters":[["Leucocytes"],["Release E"]],"support":0.005714285714285714,"confidence":1.0,"interestFactor":1.0},
	{"template":"AlternatePrecedence","parameters":[["ER Registration"],["Release D"]],"support":0.022857142857142857,"confidence":1.0,"interestFactor":1.0},
	{"template":"RespondedExistence","parameters":[["Release E"],["ER Registration"]],"support":0.005714285714285714,"confidence":1.0,"interestFactor":1.0},
	{"template":"NotCoExistence","parameters":[["Release C"],["Release B"]],"support":0.07714285714285714,"confidence":1.0,"interestFactor":1.0},
	{"template":"RespondedExistence","parameters":[["Admission IC"],["ER Triage"]],"support":0.10476190476190476,"confidence":1.0,"interestFactor":1.0},
	{"template":"AlternatePrecedence","parameters":[["Admission NC"],["Return ER"]],"support":0.28,"confidence":1.0,"interestFactor":1.0},
	{"template":"NotSuccession","parameters":[["Release E"],["Release C"]],"support":0.029523809523809525,"confidence":1.0,"interestFactor":1.0},
	{"template":"Precedence","parameters":[["Admission NC"],["Return ER"]],"support":0.28,"confidence":1.0,"interestFactor":1.0},
	{"template":"NotSuccession","parameters":[["Release A"],["ER Triage"]],"support":1.0,"confidence":1.0,"interestFactor":1.0},
	{"template":"AlternatePrecedence","parameters":[["Admission NC"],["Release C"]],"support":0.023809523809523808,"confidence":1.0,"interestFactor":1.0},
	{"template":"NotSuccession","parameters":[["Release D"],["Release A"]],"support":0.6619047619047619,"confidence":1.0,"interestFactor":1.0},
	{"template":"AlternatePrecedence","parameters":[["ER Triage"],["Release C"]],"support":0.023809523809523808,"confidence":1.0,"interestFactor":1.0},
	{"template":"RespondedExistence","parameters":[["Release E"],["ER Triage"]],"support":0.005714285714285714,"confidence":1.0,"interestFactor":1.0},
	{"template":"NotSuccession","parameters":[["Release E"],["ER Triage"]],"support":1.0,"confidence":1.0,"interestFactor":1.0},
	{"template":"NotCoExistence","parameters":[["Release B"],["Return ER"]],"support":0.3333333333333333,"confidence":1.0,"interestFactor":1.0},
	{"template":"AtMostOne","parameters":[["Release C"]],"support":0.023809523809523808,"confidence":1.0,"interestFactor":1.0},
	{"template":"NotSuccession","parameters":[["Release C"],["LacticAcid"]],"support":0.820952380952381,"confidence":1.0,"interestFactor":1.0},
	{"template":"Precedence","parameters":[["ER Sepsis Triage"],["Release B"]],"support":0.05333333333333334,"confidence":1.0,"interestFactor":1.0},
	{"template":"Precedence","parameters":[["ER Triage"],["Release D"]],"support":0.022857142857142857,"confidence":1.0,"interestFactor":1.0},
	{"template":"RespondedExistence","parameters":[["CRP"],["ER Registration"]],"support":0.959047619047619,"confidence":1.0,"interestFactor":1.0},
	{"template":"RespondedExistence","parameters":[["IV Liquid"],["Leucocytes"]],"support":0.7171428571428572,"confidence":1.0,"interestFactor":1.0},
	{"template":"RespondedExistence","parameters":[["LacticAcid"],["ER Triage"]],"support":0.819047619047619,"confidence":1.0,"interestFactor":1.0},
	{"template":"NotSuccession","parameters":[["Release B"],["Release E"]],"support":0.05904761904761905,"confidence":1.0,"interestFactor":1.0},
	{"template":"NotSuccession","parameters":[["Release A"],["Release C"]],"support":0.6628571428571428,"confidence":1.0,"interestFactor":1.0},
	{"template":"Precedence","parameters":[["ER Triage"],["Return ER"]],"support":0.28,"confidence":1.0,"interestFactor":1.0},
	{"template":"NotSuccession","parameters":[["Release C"],["Leucocytes"]],"support":0.9638095238095238,"confidence":1.0,"interestFactor":1.0},
	{"template":"Precedence","parameters":[["ER Registration"],["Release B"]],"support":0.05333333333333334,"confidence":1.0,"interestFactor":1.0},
	{"template":"RespondedExistence","parameters":[["IV Liquid"],["ER Registration"]],"support":0.7171428571428572,"confidence":1.0,"interestFactor":1.0},
	{"template":"Precedence","parameters":[["Leucocytes"],["Release D"]],"support":0.022857142857142857,"confidence":1.0,"interestFactor":1.0},
	{"template":"NotSuccession","parameters":[["Release D"],["CRP"]],"support":0.959047619047619,"confidence":1.0,"interestFactor":1.0},
	{"template":"AlternatePrecedence","parameters":[["Leucocytes"],["Release D"]],"support":0.022857142857142857,"confidence":1.0,"interestFactor":1.0},
	{"template":"Precedence","parameters":[["ER Registration"],["Admission IC"]],"support":0.10476190476190476,"confidence":1.0,"interestFactor":1.0},
	{"template":"AlternatePrecedence","parameters":[["ER Registration"],["Release A"]],"support":0.6390476190476191,"confidence":1.0,"interestFactor":1.0},
	{"template":"RespondedExistence","parameters":[["Release C"],["Leucocytes"]],"support":0.023809523809523808,"confidence":1.0,"interestFactor":1.0},
	{"template":"NotCoExistence","parameters":[["Release E"],["Release A"]],"support":0.6447619047619048,"confidence":1.0,"interestFactor":1.0},
	{"template":"RespondedExistence","parameters":[["Release A"],["ER Triage"]],"support":0.6390476190476191,"confidence":1.0,"interestFactor":1.0},
	{"template":"Precedence","parameters":[["Admission NC"],["Release D"]],"support":0.022857142857142857,"confidence":1.0,"interestFactor":1.0},
	{"template":"Participation","parameters":[["ER Triage"]],"support":1.0,"confidence":1.0,"interestFactor":1.0},
	{"template":"NotSuccession","parameters":[["Release E"],["ER Sepsis Triage"]],"support":0.9990476190476191,"confidence":1.0,"interestFactor":1.0},
	{"template":"AlternatePrecedence","parameters":[["CRP"],["Release E"]],"support":0.005714285714285714,"confidence":1.0,"interestFactor":1.0},
	{"template":"NotCoExistence","parameters":[["Release B"],["Release C"]],"support":0.07714285714285714,"confidence":1.0,"interestFactor":1.0},
	{"template":"NotSuccession","parameters":[["Return ER"],["Release E"]],"support":0.28476190476190477,"confidence":1.0,"interestFactor":1.0},
	{"template":"NotCoExistence","parameters":[["Release C"],["Release E"]],"support":0.029523809523809525,"confidence":1.0,"interestFactor":1.0},
	{"template":"NotSuccession","parameters":[["Release A"],["ER Sepsis Triage"]],"support":1.0,"confidence":1.0,"interestFactor":1.0},
	{"template":"AlternatePrecedence","parameters":[["ER Triage"],["Return ER"]],"support":0.28,"confidence":1.0,"interestFactor":1.0},
	{"template":"NotSuccession","parameters":[["Return ER"],["IV Antibiotics"]],"support":0.8133333333333334,"confidence":1.0,"interestFactor":1.0},
	{"template":"NotSuccession","parameters":[["Release E"],["Release D"]],"support":0.02857142857142857,"confidence":1.0,"interestFactor":1.0},
	{"template":"AlternatePrecedence","parameters":[["ER Sepsis Triage"],["Release B"]],"support":0.05333333333333334,"confidence":1.0,"interestFactor":1.0},
	{"template":"NotSuccession","parameters":[["Release D"],["Release B"]],"support":0.0761904761904762,"confidence":1.0,"interestFactor":1.0},
	{"template":"AlternatePrecedence","parameters":[["ER Triage"],["Release D"]],"support":0.022857142857142857,"confidence":1.0,"interestFactor":1.0},
	{"template":"NotSuccession","parameters":[["Release B"],["Return ER"]],"support":0.3333333333333333,"confidence":1.0,"interestFactor":1.0},
	{"template":"AtMostOne","parameters":[["Release D"]],"support":0.022857142857142857,"confidence":1.0,"interestFactor":1.0},
	{"template":"RespondedExistence","parameters":[["IV Antibiotics"],["ER Registration"]],"support":0.7838095238095238,"confidence":1.0,"interestFactor":1.0},
	{"template":"RespondedExistence","parameters":[["Release D"],["CRP"]],"support":0.022857142857142857,"confidence":1.0,"interestFactor":1.0},
	{"template":"NotSuccession","parameters":[["Release A"],["IV Antibiotics"]],"support":0.86,"confidence":1.0,"interestFactor":1.0},
	{"template":"NotSuccession","parameters":[["Release C"],["ER Registration"]],"support":1.0,"confidence":1.0,"interestFactor":1.0},
	{"template":"RespondedExistence","parameters":[["IV Liquid"],["CRP"]],"support":0.7171428571428572,"confidence":1.0,"interestFactor":1.0},
	{"template":"NotSuccession","parameters":[["Release D"],["IV Liquid"]],"support":0.7219047619047619,"confidence":1.0,"interestFactor":1.0},
	{"template":"Precedence","parameters":[["ER Triage"],["Release E"]],"support":0.005714285714285714,"confidence":1.0,"interestFactor":1.0},
	{"template":"NotSuccession","parameters":[["Release E"],["Admission IC"]],"support":0.10857142857142857,"confidence":1.0,"interestFactor":1.0},
	{"template":"NotSuccession","parameters":[["Release E"],["IV Antibiotics"]],"support":0.7866666666666666,"confidence":1.0,"interestFactor":1.0},
	{"template":"RespondedExistence","parameters":[["IV Antibiotics"],["Leucocytes"]],"support":0.7838095238095238,"confidence":1.0,"interestFactor":1.0},
	{"template":"RespondedExistence","parameters":[["Release D"],["ER Sepsis Triage"]],"support":0.022857142857142857,"confidence":1.0,"interestFactor":1.0},
	{"template":"NotSuccession","parameters":[["Release A"],["Release D"]],"support":0.6619047619047619,"confidence":1.0,"interestFactor":1.0},
	{"template":"RespondedExistence","parameters":[["ER Triage"],["ER Registration"]],"support":1.0,"confidence":1.0,"interestFactor":1.0},
	{"template":"NotSuccession","parameters":[["Release D"],["Admission NC"]],"support":0.7619047619047619,"confidence":1.0,"interestFactor":1.0},
	{"template":"Precedence","parameters":[["ER Registration"],["Release C"]],"support":0.023809523809523808,"confidence":1.0,"interestFactor":1.0},
	{"template":"NotSuccession","parameters":[["Admission NC"],["ER Registration"]],"support":1.0,"confidence":1.0,"interestFactor":1.0},
	{"template":"Precedence","parameters":[["Leucocytes"],["Release C"]],"support":0.023809523809523808,"confidence":1.0,"interestFactor":1.0},
	{"template":"AtMostOne","parameters":[["ER Sepsis Triage"]],"support":0.9990476190476191,"confidence":1.0,"interestFactor":1.0},
	{"template":"RespondedExistence","parameters":[["Release D"],["ER Registration"]],"support":0.022857142857142857,"confidence":1.0,"interestFactor":1.0},
	{"template":"AlternatePrecedence","parameters":[["ER Registration"],["Release B"]],"support":0.05333333333333334,"confidence":1.0,"interestFactor":1.0},
	{"template":"NotSuccession","parameters":[["Release A"],["Admission IC"]],"support":0.6619047619047619,"confidence":1.0,"interestFactor":1.0},
	{"template":"RespondedExistence","parameters":[["Release C"],["Admission NC"]],"support":0.023809523809523808,"confidence":1.0,"interestFactor":1.0},
	{"template":"AlternatePrecedence","parameters":[["Leucocytes"],["Release C"]],"support":0.023809523809523808,"confidence":1.0,"interestFactor":1.0},
	{"template":"AlternatePrecedence","parameters":[["ER Triage"],["Release E"]],"support":0.005714285714285714,"confidence":1.0,"interestFactor":1.0},
	{"template":"NotCoExistence","parameters":[["Release C"],["Release D"]],"support":0.04666666666666667,"confidence":1.0,"interestFactor":1.0},
	{"template":"Precedence","parameters":[["Admission NC"],["Release C"]],"support":0.023809523809523808,"confidence":1.0,"interestFactor":1.0},
	{"template":"AtMostOne","parameters":[["Return ER"]],"support":0.28,"confidence":1.0,"interestFactor":1.0},
	{"template":"NotSuccession","parameters":[["Release D"],["Release C"]],"support":0.04666666666666667,"confidence":1.0,"interestFactor":1.0},
	{"template":"RespondedExistence","parameters":[["Admission IC"],["Leucocytes"]],"support":0.10476190476190476,"confidence":1.0,"interestFactor":1.0},
	{"template":"NotSuccession","parameters":[["Release C"],["Release A"]],"support":0.6628571428571428,"confidence":1.0,"interestFactor":1.0},
	{"template":"AlternatePrecedence","parameters":[["ER Sepsis Triage"],["Release C"]],"support":0.023809523809523808,"confidence":1.0,"interestFactor":1.0},
	{"template":"RespondedExistence","parameters":[["Release D"],["ER Triage"]],"support":0.022857142857142857,"confidence":1.0,"interestFactor":1.0},
	{"template":"NotSuccession","parameters":[["Release D"],["ER Triage"]],"support":1.0,"confidence":1.0,"interestFactor":1.0},
	{"template":"AtMostOne","parameters":[["Release E"]],"support":0.005714285714285714,"confidence":1.0,"interestFactor":1.0},
	{"template":"AlternatePrecedence","parameters":[["ER Triage"],["Release A"]],"support":0.6390476190476191,"confidence":1.0,"interestFactor":1.0},
	{"template":"NotSuccession","parameters":[["Release B"],["LacticAcid"]],"support":0.8247619047619048,"confidence":1.0,"interestFactor":1.0},
	{"template":"NotSuccession","parameters":[["Release B"],["Leucocytes"]],"support":0.9638095238095238,"confidence":1.0,"interestFactor":1.0},
	{"template":"NotCoExistence","parameters":[["Return ER"],["Release B"]],"support":0.3333333333333333,"confidence":1.0,"interestFactor":1.0},
	{"template":"NotSuccession","parameters":[["Release A"],["Release E"]],"support":0.6447619047619048,"confidence":1.0,"interestFactor":1.0},
	{"template":"RespondedExistence","parameters":[["Return ER"],["Admission NC"]],"support":0.28,"confidence":1.0,"interestFactor":1.0},
	{"template":"Precedence","parameters":[["Leucocytes"],["Release B"]],"support":0.05333333333333334,"confidence":1.0,"interestFactor":1.0},
	{"template":"RespondedExistence","parameters":[["Admission IC"],["ER Registration"]],"support":0.10476190476190476,"confidence":1.0,"interestFactor":1.0},
	{"template":"Precedence","parameters":[["ER Registration"],["Release D"]],"support":0.022857142857142857,"confidence":1.0,"interestFactor":1.0},
	{"template":"RespondedExistence","parameters":[["Return ER"],["ER Triage"]],"support":0.28,"confidence":1.0,"interestFactor":1.0},
	{"template":"RespondedExistence","parameters":[["IV Antibiotics"],["CRP"]],"support":0.7838095238095238,"confidence":1.0,"interestFactor":1.0},
	{"template":"NotSuccession","parameters":[["Admission IC"],["ER Registration"]],"support":1.0,"confidence":1.0,"interestFactor":1.0},
	{"template":"NotSuccession","parameters":[["Release E"],["CRP"]],"support":0.959047619047619,"confidence":1.0,"interestFactor":1.0},
	{"template":"NotCoExistence","parameters":[["Release D"],["Release A"]],"support":0.6619047619047619,"confidence":1.0,"interestFactor":1.0},
	{"template":"NotSuccession","parameters":[["Return ER"],["ER Triage"]],"support":1.0,"confidence":1.0,"interestFactor":1.0},
	{"template":"NotCoExistence","parameters":[["Release E"],["Release C"]],"support":0.029523809523809525,"confidence":1.0,"interestFactor":1.0},
	{"template":"NotCoExistence","parameters":[["Release B"],["Release E"]],"support":0.05904761904761905,"confidence":1.0,"interestFactor":1.0},
	{"template":"AlternatePrecedence","parameters":[["CRP"],["Release C"]],"support":0.023809523809523808,"confidence":1.0,"interestFactor":1.0},
	{"template":"RespondedExistence","parameters":[["Release B"],["Leucocytes"]],"support":0.05333333333333334,"confidence":1.0,"interestFactor":1.0},
	{"template":"NotSuccession","parameters":[["Return ER"],["Release C"]],"support":0.2980952380952381,"confidence":1.0,"interestFactor":1.0},
	{"template":"NotCoExistence","parameters":[["Release A"],["Release C"]],"support":0.6628571428571428,"confidence":1.0,"interestFactor":1.0},
	{"template":"NotSuccession","parameters":[["Release D"],["ER Sepsis Triage"]],"support":0.9990476190476191,"confidence":1.0,"interestFactor":1.0},
	{"template":"NotSuccession","parameters":[["Release C"],["Release B"]],"support":0.07714285714285714,"confidence":1.0,"interestFactor":1.0},
	{"template":"RespondedExistence","parameters":[["Release E"],["ER Sepsis Triage"]],"support":0.005714285714285714,"confidence":1.0,"interestFactor":1.0},
	{"template":"AlternatePrecedence","parameters":[["ER Sepsis Triage"],["Release D"]],"support":0.022857142857142857,"confidence":1.0,"interestFactor":1.0},
	{"template":"AlternatePrecedence","parameters":[["ER Sepsis Triage"],["IV Antibiotics"]],"support":0.7838095238095238,"confidence":1.0,"interestFactor":1.0},
	{"template":"AlternatePrecedence","parameters":[["ER Triage"],["Release B"]],"support":0.05333333333333334,"confidence":1.0,"interestFactor":1.0},
	{"template":"RespondedExistence","parameters":[["Admission NC"],["ER Registration"]],"support":0.7619047619047619,"confidence":1.0,"interestFactor":1.0},
	{"template":"NotSuccession","parameters":[["Return ER"],["ER Sepsis Triage"]],"support":1.0,"confidence":1.0,"interestFactor":1.0},
	{"template":"RespondedExistence","parameters":[["Release E"],["CRP"]],"support":0.005714285714285714,"confidence":1.0,"interestFactor":1.0},
	{"template":"NotSuccession","parameters":[["Release B"],["ER Registration"]],"support":1.0,"confidence":1.0,"interestFactor":1.0},
	{"template":"NotSuccession","parameters":[["Release D"],["Admission IC"]],"support":0.12285714285714286,"confidence":1.0,"interestFactor":1.0},
	{"template":"NotSuccession","parameters":[["Release D"],["IV Antibiotics"]],"support":0.7866666666666666,"confidence":1.0,"interestFactor":1.0},
	{"template":"RespondedExistence","parameters":[["CRP"],["ER Triage"]],"support":0.959047619047619,"confidence":1.0,"interestFactor":1.0},
	{"template":"NotSuccession","parameters":[["Release C"],["IV Liquid"]],"support":0.7219047619047619,"confidence":1.0,"interestFactor":1.0},
	{"template":"NotSuccession","parameters":[["Release C"],["Admission NC"]],"support":0.7619047619047619,"confidence":1.0,"interestFactor":1.0},
	{"template":"NotSuccession","parameters":[["Return ER"],["Admission IC"]],"support":0.34,"confidence":1.0,"interestFactor":1.0},
	{"template":"RespondedExistence","parameters":[["ER Sepsis Triage"],["ER Triage"]],"support":0.9990476190476191,"confidence":1.0,"interestFactor":1.0},
	{"template":"Precedence","parameters":[["ER Registration"],["Release E"]],"support":0.005714285714285714,"confidence":1.0,"interestFactor":1.0},
	{"template":"RespondedExistence","parameters":[["Release C"],["ER Registration"]],"support":0.023809523809523808,"confidence":1.0,"interestFactor":1.0},
	{"template":"NotCoExistence","parameters":[["Release E"],["Release B"]],"support":0.05904761904761905,"confidence":1.0,"interestFactor":1.0},
	{"template":"RespondedExistence","parameters":[["Release D"],["Admission NC"]],"support":0.022857142857142857,"confidence":1.0,"interestFactor":1.0},
	{"template":"AlternatePrecedence","parameters":[["Leucocytes"],["Release E"]],"support":0.005714285714285714,"confidence":1.0,"interestFactor":1.0},
	{"template":"Precedence","parameters":[["Admission NC"],["Release E"]],"support":0.005714285714285714,"confidence":1.0,"interestFactor":1.0},
	{"template":"NotCoExistence","parameters":[["Release A"],["Release B"]],"support":0.6923809523809524,"confidence":1.0,"interestFactor":1.0},
	{"template":"Precedence","parameters":[["ER Registration"],["Return ER"]],"support":0.28,"confidence":1.0,"interestFactor":1.0},
	{"template":"NotSuccession","parameters":[["Return ER"],["Release D"]],"support":0.29333333333333333,"confidence":1.0,"interestFactor":1.0},
	{"template":"AlternatePrecedence","parameters":[["CRP"],["Release D"]],"support":0.022857142857142857,"confidence":1.0,"interestFactor":1.0},
	{"template":"NotCoExistence","parameters":[["Release B"],["Release D"]],"support":0.0761904761904762,"confidence":1.0,"interestFactor":1.0}
	]
}
