Constraint;Support;Confidence;Recall;Lovinger;Specificity;Accuracy;Lift;Leverage;Compliance;Odds Ratio;Gini Index;Certainty factor;Coverage;Prevalence;Added Value;Relative Risk;Jaccard;Ylue Q;Ylue Y;Klosgen;Conviction;Interestingness Weighting Dependency;Collective Strength;Laplace Correction;J Measure;One-way Support;Two-way Support;Two-way Support Variation;Linear Correlation Coefficient;Piatetsky-Shapiro;Cosine;Information Gain;Sebag-Schoenauer;Least Contradiction;Odd Multiplier;Example and Counterexample Rate;Zhang
AtMostOne(ER Registration);1.0;1.0;1.0;NaN;NaN;1.0;1.0;0.0;1.0;NaN;NaN;NaN;1.0;1.0;0.0;NaN;1.0;NaN;NaN;0.0;NaN;0.0;NaN;0.9990494;NaN;0.0;0.0;NaN;NaN;0.0;1.0;0.0;Infinity;1.0;NaN;1.0;NaN
Participation(ER Registration);1.0;1.0;1.0;NaN;NaN;1.0;1.0;0.0;1.0;NaN;NaN;NaN;1.0;1.0;0.0;NaN;1.0;NaN;NaN;0.0;NaN;0.0;NaN;0.9990494;NaN;0.0;0.0;NaN;NaN;0.0;1.0;0.0;Infinity;1.0;NaN;1.0;NaN
AtMostOne(ER Sepsis Triage);0.99904764;1.0;0.99904764;NaN;0.0;0.99904764;1.0;9.52363E-4;1.0;NaN;1.792796E-8;NaN;0.99904764;1.0;0.0;1.0;0.99904764;NaN;NaN;0.0;NaN;0.0;1.0;0.99904853;NaN;0.0;0.0;NaN;NaN;0.0;0.9995237;0.0;Infinity;0.99904764;NaN;1.0;NaN
Participation(ER Triage);1.0;1.0;1.0;NaN;NaN;1.0;1.0;0.0;1.0;NaN;NaN;NaN;1.0;1.0;0.0;NaN;1.0;NaN;NaN;0.0;NaN;0.0;NaN;0.9990494;NaN;0.0;0.0;NaN;NaN;0.0;1.0;0.0;Infinity;1.0;NaN;1.0;NaN
AtMostOne(IV Antibiotics);0.78380954;1.0;0.78380954;NaN;0.0;0.78380954;1.0;0.21619046;1.0;NaN;1.4901161E-8;NaN;0.78380954;1.0;0.0;1.0;0.78380954;NaN;NaN;0.0;NaN;0.0;1.0;0.9987879;NaN;0.0;0.0;NaN;NaN;0.0;0.8853302;0.0;Infinity;0.78380954;NaN;1.0;NaN
AtMostOne(IV Liquid);0.7171429;1.0;0.7171429;NaN;0.0;0.7171429;1.0;0.28285712;1.0;NaN;2.9802322E-8;NaN;0.7171429;1.0;0.0;1.0;0.71714294;NaN;NaN;0.0;NaN;0.0;1.0;0.9986755;NaN;0.0;0.0;NaN;NaN;0.0;0.8468429;0.0;Infinity;0.7171429;NaN;1.0;NaN
AtMostOne(Release A);0.6390476;1.0;0.6390476;NaN;0.0;0.6390476;1.0;0.36095238;1.0;NaN;0.0;NaN;0.6390476;1.0;0.0;1.0;0.6390476;NaN;NaN;0.0;NaN;0.0;1.0;0.9985141;NaN;0.0;0.0;NaN;NaN;0.0;0.79940456;0.0;Infinity;0.6390476;NaN;1.0;NaN
AtMostOne(Release B);0.053333335;1.0;0.053333335;NaN;0.0;0.053333335;1.0;0.94666666;1.0;NaN;-7.4505806E-9;NaN;0.053333335;1.0;0.0;1.0;0.05333334;NaN;NaN;0.0;NaN;0.0;1.0;0.98275864;NaN;0.0;0.0;NaN;NaN;0.0;0.2309401;0.0;Infinity;0.053333335;NaN;1.0;NaN
AtMostOne(Release C);0.023809524;1.0;0.023809524;NaN;0.0;0.023809524;1.0;0.97619045;1.0;NaN;-2.7939677E-8;NaN;0.023809524;1.0;0.0;1.0;0.023809524;NaN;NaN;0.0;NaN;0.0;1.0;0.962963;NaN;0.0;0.0;NaN;NaN;0.0;0.15430336;0.0;Infinity;0.023809524;NaN;1.0;NaN
AtMostOne(Release D);0.022857143;1.0;0.022857143;NaN;0.0;0.022857143;1.0;0.9771429;1.0;NaN;1.3038516E-8;NaN;0.022857143;1.0;0.0;1.0;0.022857143;NaN;NaN;0.0;NaN;0.0;1.0;0.96153843;NaN;0.0;0.0;NaN;NaN;0.0;0.1511858;0.0;Infinity;0.022857143;NaN;1.0;NaN
AtMostOne(Release E);0.0057142857;1.0;0.0057142857;NaN;0.0;0.0057142857;1.0;0.9942857;1.0;NaN;-1.1641532E-8;NaN;0.0057142857;1.0;0.0;1.0;0.0057142857;NaN;NaN;0.0;NaN;0.0;1.0;0.875;NaN;0.0;0.0;NaN;NaN;0.0;0.0755929;0.0;Infinity;0.0057142857;NaN;1.0;NaN
AtMostOne(Return ER);0.28;1.0;0.28;NaN;0.0;0.28;1.0;0.72;1.0;NaN;2.9802322E-8;NaN;0.28;1.0;0.0;1.0;0.28;NaN;NaN;0.0;NaN;0.0;1.0;0.9966216;NaN;0.0;0.0;NaN;NaN;0.0;0.52915025;0.0;Infinity;0.28;NaN;1.0;NaN
RespondedExistence(Admission IC,CRP);0.104761906;1.0;0.109235354;-Infinity;0.04574468;0.14571428;1.0427011;0.8995283;1.0;Infinity;3.9256565E-4;1.0;0.104761906;0.9590476;0.040952384;1.0479375;0.109235354;1.0;1.0;0.0132550355;Infinity;9.573063E-4;1.1147935;0.9910714;NaN;0.06032569;0.0063198344;NaN;0.07068907;0.004290253;0.33050773;0.04181458;Infinity;0.109235354;Infinity;1.0;1.0000007
RespondedExistence(Admission IC,ER Registration);0.104761906;1.0;0.104761906;NaN;0.0;0.104761906;1.0;0.8952381;1.0;NaN;7.4505806E-9;NaN;0.104761906;1.0;0.0;1.0;0.104761906;NaN;NaN;0.0;NaN;0.0;1.0;0.9910714;NaN;0.0;0.0;NaN;NaN;0.0;0.32366943;0.0;Infinity;0.104761906;NaN;1.0;NaN
NotSuccession(Admission IC,ER Registration);1.0;1.0;1.0;NaN;NaN;1.0;1.0;0.0;1.0;NaN;NaN;NaN;1.0;1.0;0.0;NaN;1.0;NaN;NaN;0.0;NaN;0.0;NaN;0.9990494;NaN;0.0;0.0;NaN;NaN;0.0;1.0;0.0;Infinity;1.0;NaN;1.0;NaN
RespondedExistence(Admission IC,ER Triage);0.104761906;1.0;0.104761906;NaN;0.0;0.104761906;1.0;0.8952381;1.0;NaN;7.4505806E-9;NaN;0.104761906;1.0;0.0;1.0;0.104761906;NaN;NaN;0.0;NaN;0.0;1.0;0.9910714;NaN;0.0;0.0;NaN;NaN;0.0;0.32366943;0.0;Infinity;0.104761906;NaN;1.0;NaN
NotSuccession(Admission IC,ER Triage);1.0;1.0;1.0;NaN;NaN;1.0;1.0;0.0;1.0;NaN;NaN;NaN;1.0;1.0;0.0;NaN;1.0;NaN;NaN;0.0;NaN;0.0;NaN;0.9990494;NaN;0.0;0.0;NaN;NaN;0.0;1.0;0.0;Infinity;1.0;NaN;1.0;NaN
RespondedExistence(Admission IC,Leucocytes);0.104761906;1.0;0.108695656;-Infinity;0.040425535;0.14095238;1.0375494;0.8990295;1.0;Infinity;3.0664456E-4;1.0;0.104761906;0.9638095;0.03619051;1.0421286;0.10869565;1.0;1.0;0.011713762;Infinity;8.396874E-4;1.1036596;0.9910714;NaN;0.053179994;0.0055712378;NaN;0.066287875;0.0037913844;0.32969025;0.036861565;Infinity;0.108695656;Infinity;1.0;1.0000004
RespondedExistence(Admission NC,ER Registration);0.7619048;1.0;0.7619048;NaN;0.0;0.7619048;1.0;0.23809522;1.0;NaN;1.4901161E-8;NaN;0.7619048;1.0;0.0;1.0;0.76190484;NaN;NaN;0.0;NaN;0.0;1.0;0.99875313;NaN;0.0;0.0;NaN;NaN;0.0;0.8728716;0.0;Infinity;0.7619048;NaN;1.0;NaN
NotSuccession(Admission NC,ER Registration);1.0;1.0;1.0;NaN;NaN;1.0;1.0;0.0;1.0;NaN;NaN;NaN;1.0;1.0;0.0;NaN;1.0;NaN;NaN;0.0;NaN;0.0;NaN;0.9990494;NaN;0.0;0.0;NaN;NaN;0.0;1.0;0.0;Infinity;1.0;NaN;1.0;NaN
RespondedExistence(Admission NC,ER Triage);0.7619048;1.0;0.7619048;NaN;0.0;0.7619048;1.0;0.23809522;1.0;NaN;1.4901161E-8;NaN;0.7619048;1.0;0.0;1.0;0.76190484;NaN;NaN;0.0;NaN;0.0;1.0;0.99875313;NaN;0.0;0.0;NaN;NaN;0.0;0.8728716;0.0;Infinity;0.7619048;NaN;1.0;NaN
Precedence(Admission NC,Release C);0.023809524;1.0;0.067534916;-Infinity;0.66323996;0.6712579;2.8364666;0.99160594;1.0;Infinity;0.020448415;1.0;0.023809524;0.35255134;0.64744866;2.9694736;0.067534916;1.0;1.0;0.0999035;Infinity;0.003994072;1.2326229;0.962963;NaN;1.5040948;0.035811782;NaN;0.21164097;0.015415445;0.25987482;1.0425591;Infinity;0.067534916;Infinity;1.0;1.0000005
AlternatePrecedence(Admission NC,Release C);0.023809524;1.0;0.07935283;-Infinity;0.71702594;0.723764;3.332819;0.992856;1.0;Infinity;0.023898821;1.0;0.023809524;0.3000463;0.6999537;3.533893;0.07935283;1.0;1.0;0.108005196;Infinity;0.005729979;1.281677;0.962963;NaN;1.736743;0.041351024;NaN;0.23853286;0.016665565;0.28169635;1.2038184;Infinity;0.07935283;Infinity;1.0;0.999999
Precedence(Admission NC,Release D);0.022857143;1.0;0.06496729;-Infinity;0.6633364;0.6710313;2.8423188;0.99195826;1.0;Infinity;0.019655429;1.0;0.022857143;0.35182542;0.6481746;2.970324;0.06496729;1.0;1.0;0.09799478;Infinity;0.0036982992;1.2225472;0.96153843;NaN;1.5070684;0.034447275;NaN;0.20759389;0.014815419;0.2548868;1.0446202;Infinity;0.06496729;Infinity;1.0;1.0000006
AlternatePrecedence(Admission NC,Release D);0.022857143;1.0;0.076414175;-Infinity;0.71727324;0.72373605;3.34312;0.99316293;1.0;Infinity;0.022981133;1.0;0.022857143;0.29912177;0.70087826;3.536984;0.076414175;1.0;1.0;0.105962835;Infinity;0.005316677;1.2694508;0.96153843;NaN;1.7411952;0.039798748;NaN;0.2341148;0.016020074;0.27643114;1.2069045;Infinity;0.076414175;Infinity;1.0;0.99999905
Precedence(Admission NC,Release E);0.0057142857;1.0;0.016614318;-Infinity;0.6598329;0.6617765;2.9075055;0.99803466;1.0;Infinity;0.0049475217;1.0;0.0057142857;0.34393743;0.6560626;2.9397318;0.016614318;1.0;1.0;0.049593672;Infinity;2.4338247E-4;1.0514971;0.875;NaN;1.5397819;0.008798754;NaN;0.104702845;0.003748929;0.12889653;1.0672956;Infinity;0.016614318;Infinity;1.0;1.0000006
AlternatePrecedence(Admission NC,Release E);0.0057142857;1.0;0.01968278;-Infinity;0.7137598;0.71539587;3.4444866;0.998341;1.0;Infinity;0.005788699;1.0;0.0057142857;0.29031903;0.709681;3.4935691;0.01968278;1.0;1.0;0.05364684;Infinity;3.5475878E-4;1.06143;0.875;NaN;1.784289;0.010195937;NaN;0.118527435;0.00405532;0.14029533;1.2367749;Infinity;0.01968278;Infinity;1.0;0.9999992
Precedence(Admission NC,Return ER);0.28;1.0;0.5752343;-Infinity;0.71283585;0.7932416;2.054408;0.8637077;1.0;Infinity;0.20488009;1.0;0.28;0.48675817;0.5132418;3.4823282;0.5752343;1.0;1.0;0.27158204;Infinity;0.25249445;135.39088;0.9966216;NaN;1.0387228;0.29084238;NaN;0.6403498;0.14370771;0.758442;0.71998775;Infinity;0.5752343;Infinity;1.0;1.0000004
AlternatePrecedence(Admission NC,Return ER);0.28;1.0;0.62131697;-Infinity;0.7629784;0.82934475;2.2189891;0.87381643;1.0;Infinity;0.2347171;1.0;0.28;0.45065564;0.54934436;4.2190247;0.62131697;1.0;1.0;0.2906857;Infinity;0.30763477;-22.247656;0.9966216;NaN;1.1499026;0.32197273;NaN;0.68851346;0.15381642;0.7882366;0.7970517;Infinity;0.62131697;Infinity;1.0;0.99999934
RespondedExistence(CRP,ER Registration);0.9590476;1.0;0.9590476;NaN;0.0;0.9590476;1.0;0.040952384;1.0;NaN;-3.7252903E-9;NaN;0.9590476;1.0;0.0;1.0;0.9590477;NaN;NaN;0.0;NaN;0.0;1.0;0.9990089;NaN;0.0;0.0;NaN;NaN;0.0;0.97930974;0.0;Infinity;0.9590476;NaN;1.0;NaN
RespondedExistence(CRP,ER Triage);0.9590476;1.0;0.9590476;NaN;0.0;0.9590476;1.0;0.040952384;1.0;NaN;-3.7252903E-9;NaN;0.9590476;1.0;0.0;1.0;0.9590477;NaN;NaN;0.0;NaN;0.0;1.0;0.9990089;NaN;0.0;0.0;NaN;NaN;0.0;0.97930974;0.0;Infinity;0.9590476;NaN;1.0;NaN
Precedence(CRP,Release B);0.053333335;1.0;0.08225178;-Infinity;0.3713923;0.40491822;1.5422208;0.96541786;1.0;Infinity;0.013927828;1.0;0.053333335;0.64841557;0.35158443;1.5908173;0.08225178;1.0;1.0;0.081194945;Infinity;0.003920911;1.2711409;0.98275864;NaN;0.62500936;0.033333834;NaN;0.17477873;0.01875117;0.2867957;0.4332235;Infinity;0.08225178;Infinity;1.0;0.9999987
AlternatePrecedence(CRP,Release B);0.053333335;1.0;0.09369893;-Infinity;0.4550716;0.4841345;1.7568549;0.9696427;1.0;Infinity;0.020911466;1.0;0.053333335;0.56919897;0.43080103;1.8351034;0.09369893;1.0;1.0;0.09948924;Infinity;0.005935045;1.3259971;0.98275864;NaN;0.812995;0.043359738;NaN;0.20649382;0.022976056;0.3061028;0.5635252;Infinity;0.09369893;Infinity;1.0;0.99999976
Precedence(CRP,Release C);0.023809524;1.0;0.037232827;-Infinity;0.36931688;0.38433325;1.5637788;0.98477435;1.0;Infinity;0.0063401726;1.0;0.023809524;0.63947666;0.36052334;1.5855821;0.037232827;1.0;1.0;0.05562996;Infinity;8.1939006E-4;1.1165087;0.962963;NaN;0.6450364;0.01535801;NaN;0.1172633;0.008583889;0.1929581;0.44710517;Infinity;0.037232827;Infinity;1.0;0.9999989
AlternatePrecedence(CRP,Release C);0.023809524;1.0;0.0426725;-Infinity;0.45282227;0.46585044;1.792245;0.98671526;1.0;Infinity;0.009531509;1.0;0.023809524;0.55795944;0.44204056;1.8275597;0.0426725;1.0;1.0;0.06820834;Infinity;0.0012540489;1.1367333;0.962963;NaN;0.8417679;0.020042093;NaN;0.1390073;0.010524776;0.20657323;0.58346903;Infinity;0.0426725;Infinity;1.0;0.9999992
Precedence(CRP,Release D);0.022857143;1.0;0.035809122;-Infinity;0.3701559;0.38455245;1.5666492;0.98541015;1.0;Infinity;0.006120247;1.0;0.022857143;0.638305;0.361695;1.5876944;0.035809122;1.0;1.0;0.05468314;Infinity;7.598444E-4;1.1118939;0.96153843;NaN;0.6476822;0.014804164;NaN;0.11513008;0.008267314;0.18923299;0.44893909;Infinity;0.035809122;Infinity;1.0;0.9999991
AlternatePrecedence(CRP,Release D);0.022857143;1.0;0.041066457;-Infinity;0.45378318;0.46626827;1.7966574;0.987278;1.0;Infinity;0.009198142;1.0;0.022857143;0.5565891;0.44341087;1.8307749;0.041066457;1.0;1.0;0.067037426;Infinity;0.0011640048;1.131276;0.96153843;NaN;0.84531534;0.019321494;NaN;0.13651098;0.010135106;0.20264861;0.58592796;Infinity;0.041066457;Infinity;1.0;0.99999946
Precedence(CRP,Release E);0.0057142857;1.0;0.0089996625;-Infinity;0.36715376;0.37077013;1.5749409;0.99637175;1.0;Infinity;0.0015316174;1.0;0.0057142857;0.63494444;0.36505556;1.5801626;0.0089996625;1.0;1.0;0.027595606;Infinity;4.8340862E-5;1.0272717;0.875;NaN;0.6552977;0.0037445582;NaN;0.057482652;0.0020860317;0.09486655;0.45421776;Infinity;0.0089996625;Infinity;1.0;0.9999992
AlternatePrecedence(CRP,Release E);0.0057142857;1.0;0.010346084;-Infinity;0.45025915;0.4534006;1.8105648;0.99684393;1.0;Infinity;0.0023036147;1.0;0.0057142857;0.55231386;0.44768614;1.8190389;0.010346084;1.0;1.0;0.03384189;Infinity;7.43884E-5;1.0315288;0.875;NaN;0.85643977;0.0048939413;NaN;0.068252586;0.0025582064;0.1017157;0.59363884;Infinity;0.010346084;Infinity;1.0;0.99999964
Precedence(ER Registration,Admission IC);0.104761906;1.0;0.10534458;-Infinity;0.0061783567;0.11029301;1.005562;0.8958175;1.0;Infinity;7.238381E-6;1.0;0.104761906;0.99446887;0.005531132;1.0062168;0.10534458;1.0;1.0;0.0017902585;Infinity;1.224249E-4;1.0186151;0.9910714;NaN;0.008001962;8.383008E-4;NaN;0.025512125;5.79454E-4;0.3245683;0.005546537;Infinity;0.10534458;Infinity;1.0;1.0000093
Precedence(ER Registration,Admission NC);0.7619048;1.0;0.76372004;-Infinity;0.0099829715;0.7642817;1.0023825;0.23990613;1.0;Infinity;3.6085392E-5;1.0;0.7619048;0.99762315;0.0023768544;1.0100837;0.76372004;1.0;1.0;0.0020746887;Infinity;0.002769392;1.0647085;0.99875313;NaN;0.003433157;0.002615739;NaN;0.08731366;0.0018109083;0.8739107;0.002379683;Infinity;0.76372004;Infinity;1.0;0.99996585
CoExistence(ER Registration,ER Triage);1.0;1.0;1.0;NaN;NaN;1.0;1.0;0.0;1.0;NaN;NaN;NaN;1.0;1.0;0.0;NaN;1.0;NaN;NaN;0.0;NaN;0.0;NaN;0.9990494;NaN;0.0;0.0;NaN;NaN;0.0;1.0;0.0;Infinity;1.0;NaN;1.0;NaN
RespondedExistence(ER Registration,ER Triage);1.0;1.0;1.0;NaN;NaN;1.0;1.0;0.0;1.0;NaN;NaN;NaN;1.0;1.0;0.0;NaN;1.0;NaN;NaN;0.0;NaN;0.0;NaN;0.9990494;NaN;0.0;0.0;NaN;NaN;0.0;1.0;0.0;Infinity;1.0;NaN;1.0;NaN
Precedence(ER Registration,Release A);0.6390476;1.0;0.64120567;-Infinity;0.00932417;0.6424132;1.003377;0.36310315;1.0;Infinity;4.012432E-5;1.0;0.6390476;0.9966344;0.0033655763;1.0094119;0.6412056;1.0;1.0;0.002690457;Infinity;0.0027628362;1.0457271;0.9985141;NaN;0.0048637167;0.0031081466;NaN;0.077322386;0.002150774;0.8007532;0.0033712715;Infinity;0.64120567;Infinity;1.0;1.0000035
AlternatePrecedence(ER Registration,Release A);0.6390476;1.0;0.6753637;-Infinity;0.14897391;0.6928201;1.0568285;0.3953157;1.0;Infinity;0.010238658;1.0;0.6390476;0.9462273;0.053772688;1.175052;0.6753637;1.0;1.0;0.042986132;Infinity;0.047734316;2.2391148;0.9985141;NaN;0.07974128;0.050958473;NaN;0.31719488;0.03436333;0.8218052;0.05527244;Infinity;0.6753637;Infinity;1.0;1.000005
Precedence(ER Registration,Release B);0.053333335;1.0;0.053641126;-Infinity;0.006061145;0.059071217;1.005771;0.94697267;1.0;Infinity;3.810954E-6;1.0;0.053333335;0.99426204;0.0057379603;1.0060982;0.053641126;1.0;1.0;0.0013251252;Infinity;3.2925545E-5;1.0170095;0.98275864;NaN;0.008301919;4.4276906E-4;NaN;0.018031545;3.0602515E-4;0.23160554;0.005754452;Infinity;0.053641126;Infinity;1.0;1.0000153
AlternatePrecedence(ER Registration,Release B);0.053333335;1.0;0.059092652;-Infinity;0.10295524;0.15079784;1.1079872;0.95186466;1.0;Infinity;0.0010686953;1.0;0.053333335;0.9025375;0.097462475;1.1147716;0.059092652;1.0;1.0;0.022507995;Infinity;6.474967E-4;1.1341112;0.98275864;NaN;0.14794117;0.007890196;NaN;0.077997714;0.005197998;0.2430898;0.10254501;Infinity;0.059092652;Infinity;1.0;0.999979
Precedence(ER Registration,Release C);0.023809524;1.0;0.023948492;-Infinity;0.0059443377;0.029612329;1.0058366;0.9763286;1.0;Infinity;1.5585354E-6;1.0;0.023809524;0.9941972;0.00580281;1.0059799;0.023948494;1.0;1.0;8.953931E-4;Infinity;6.6367793E-6;1.0146805;0.962963;NaN;0.008395964;1.9990392E-4;NaN;0.011931355;1.381617E-4;0.154753;0.005819639;Infinity;0.023948492;Infinity;1.0;0.99999756
AlternatePrecedence(ER Registration,Release C);0.023809524;1.0;0.02644997;-Infinity;0.10226501;0.1236399;1.1108987;0.97856736;1.0;Infinity;4.8415767E-4;1.0;0.023809524;0.90017205;0.099827945;1.1139145;0.02644997;1.0;1.0;0.015403787;Infinity;1.3270749E-4;1.0691851;0.962963;NaN;0.1517273;0.003612555;NaN;0.052007455;0.0023768563;0.16263448;0.105169356;Infinity;0.02644997;Infinity;1.0;0.9999758
Precedence(ER Registration,Release D);0.022857143;1.0;0.022999262;-Infinity;0.0063238526;0.029036451;1.0062178;0.9772841;1.0;Infinity;1.8080543E-6;1.0;0.022857143;0.99382067;0.0061793327;1.0063641;0.02299926;1.0;1.0;9.342273E-4;Infinity;6.517204E-6;1.0152977;0.96153843;NaN;0.00894267;2.0440388E-4;NaN;0.012060118;1.4124252E-4;0.15165508;0.0061985864;Infinity;0.022999262;Infinity;1.0;1.0000086
AlternatePrecedence(ER Registration,Release D);0.022857143;1.0;0.025408208;-Infinity;0.1027539;0.12326262;1.1116091;0.97943777;1.0;Infinity;4.6979715E-4;1.0;0.022857143;0.8995968;0.10040319;1.1145214;0.025408208;1.0;1.0;0.015179535;Infinity;1.2312805E-4;1.0668626;0.96153843;NaN;0.15264955;0.0034891325;NaN;0.051094744;0.0022949297;0.15939952;0.10580861;Infinity;0.025408208;Infinity;1.0;0.99997705
Precedence(ER Registration,Release E);0.0057142857;1.0;0.0057499404;-Infinity;0.0062365904;0.011915239;1.0062395;0.99432117;1.0;Infinity;3.59364E-7;1.0;0.0057142857;0.9937991;0.0062009096;1.0062758;0.0057499404;1.0;1.0;4.687447E-4;Infinity;4.0875096E-7;1.0091009;0.875;NaN;0.008973777;5.1278723E-5;NaN;0.0059882477;3.5433564E-5;0.07582836;0.006220148;Infinity;0.0057499404;Infinity;1.0;0.99998724
AlternatePrecedence(ER Registration,Release E);0.0057142857;1.0;0.0063586687;-Infinity;0.1019239;0.10705601;1.112767;0.9948648;1.0;Infinity;1.1606504E-4;1.0;0.0057142857;0.8986607;0.10133928;1.1134914;0.0063586687;1.0;1.0;0.0076605296;Infinity;7.779603E-6;1.018414;0.875;NaN;0.15415151;8.808658E-4;NaN;0.025457194;5.790815E-4;0.07974126;0.10684969;Infinity;0.0063586687;Infinity;1.0;0.9999757
Precedence(ER Registration,Return ER);0.28;1.0;0.2814219;-Infinity;0.0070174118;0.28505254;1.0050782;0.7214147;1.0;Infinity;1.9880827E-5;1.0;0.28;0.99494743;0.0050525665;1.007067;0.2814219;1.0;1.0;0.0026735668;Infinity;7.98283E-4;1.0238261;0.9966216;NaN;0.0073077497;0.00204617;NaN;0.044439517;0.0014147162;0.5304921;0.005065346;Infinity;0.2814219;Infinity;1.0;1.0000044
AlternatePrecedence(ER Registration,Return ER);0.28;1.0;0.3052363;-Infinity;0.11483047;0.36267793;1.0901296;0.7431498;1.0;Infinity;0.005316597;1.0;0.28;0.91732204;0.08267796;1.1297271;0.3052363;1.0;1.0;0.043749064;Infinity;0.014769194;1.4097521;0.9966216;NaN;0.12449968;0.03485991;NaN;0.18721756;0.023149818;0.55248195;0.0862966;Infinity;0.3052363;Infinity;1.0;0.9999998
RespondedExistence(ER Sepsis Triage,ER Registration);0.99904764;1.0;0.99904764;NaN;0.0;0.99904764;1.0;9.52363E-4;1.0;NaN;1.792796E-8;NaN;0.99904764;1.0;0.0;1.0;0.99904764;NaN;NaN;0.0;NaN;0.0;1.0;0.99904853;NaN;0.0;0.0;NaN;NaN;0.0;0.9995237;0.0;Infinity;0.99904764;NaN;1.0;NaN
RespondedExistence(ER Sepsis Triage,ER Triage);0.99904764;1.0;0.99904764;NaN;0.0;0.99904764;1.0;9.52363E-4;1.0;NaN;1.792796E-8;NaN;0.99904764;1.0;0.0;1.0;0.99904764;NaN;NaN;0.0;NaN;0.0;1.0;0.99904853;NaN;0.0;0.0;NaN;NaN;0.0;0.9995237;0.0;Infinity;0.99904764;NaN;1.0;NaN
Precedence(ER Sepsis Triage,IV Antibiotics);0.78380954;1.0;0.85427296;-Infinity;0.38153148;0.866293;1.0898986;0.28084177;1.0;Infinity;0.04933304;1.0;0.78380954;0.9175165;0.08248347;1.6168973;0.8542729;1.0;1.0;0.07302511;Infinity;0.11542481;-2.5152564;0.9987879;NaN;0.1241939;0.09734436;NaN;0.5709043;0.06465131;0.92426884;0.08608465;Infinity;0.85427296;Infinity;1.0;0.9999995
AlternatePrecedence(ER Sepsis Triage,IV Antibiotics);0.78380954;1.0;0.8896461;-Infinity;0.55027777;0.90277433;1.1350285;0.3094362;1.0;Infinity;0.10262211;1.0;0.78380954;0.8810352;0.11896479;2.2235947;0.8896461;1.0;1.0;0.10532312;Infinity;0.17711288;-1.5817045;0.9987879;NaN;0.1827285;0.14322434;NaN;0.6996802;0.093245745;0.94321054;0.12665774;Infinity;0.8896461;Infinity;1.0;0.99999994
Precedence(ER Sepsis Triage,Release B);0.053333335;1.0;0.0689846;-Infinity;0.23966059;0.28021145;1.2934612;0.95876694;1.0;Infinity;0.005801419;1.0;0.053333335;0.77311945;0.22688055;1.3152021;0.0689846;1.0;1.0;0.05239582;Infinity;0.0019144303;1.2043278;0.98275864;NaN;0.37123677;0.019799296;NaN;0.12858169;0.012100298;0.2626492;0.25732172;Infinity;0.0689846;Infinity;1.0;1.000011
AlternatePrecedence(ER Sepsis Triage,Release B);0.053333335;1.0;0.0782672;-Infinity;0.3365212;0.37190664;1.46751;0.96365726;1.0;Infinity;0.011435585;1.0;0.053333335;0.68142635;0.31857365;1.5072072;0.0782672;1.0;1.0;0.073571436;Infinity;0.0032813102;1.2518591;0.98275864;NaN;0.5533703;0.029513085;NaN;0.16229181;0.016990595;0.27976277;0.38356707;Infinity;0.0782672;Infinity;1.0;1.0000011
Precedence(ER Sepsis Triage,Release C);0.023809524;1.0;0.031042857;-Infinity;0.23869237;0.25681812;1.3038;0.9817384;1.0;Infinity;0.0026501175;1.0;0.023809524;0.7669888;0.23301119;1.3135294;0.031042857;1.0;1.0;0.03595441;Infinity;3.9676556E-4;1.0925957;0.962963;NaN;0.38272256;0.009112442;NaN;0.08608052;0.005547885;0.17618982;0.26528308;Infinity;0.031042857;Infinity;1.0;1.000011
AlternatePrecedence(ER Sepsis Triage,Release C);0.023809524;1.0;0.035378456;-Infinity;0.3349805;0.35081416;1.485895;0.9839763;1.0;Infinity;0.0052163447;1.0;0.023809524;0.67299503;0.32700497;1.5037153;0.035378456;1.0;1.0;0.05045796;Infinity;6.8474154E-4;1.1095438;0.962963;NaN;0.5713322;0.013603148;NaN;0.108862825;0.0077858325;0.1880916;0.3960173;Infinity;0.035378456;Infinity;1.0;1.000001
Precedence(ER Sepsis Triage,Release D);0.022857143;1.0;0.02982181;-Infinity;0.23900355;0.2563971;1.3047042;0.982481;1.0;Infinity;0.0025534502;1.0;0.022857143;0.76645726;0.23354274;1.3140665;0.02982181;1.0;1.0;0.035308342;Infinity;3.6689136E-4;1.0889889;0.96153843;NaN;0.38372275;0.008770806;NaN;0.084425636;0.0053381193;0.17268991;0.26597634;Infinity;0.02982181;Infinity;1.0;1.0000119
AlternatePrecedence(ER Sepsis Triage,Release D);0.022857143;1.0;0.0340002;-Infinity;0.33540106;0.35059175;1.4875087;0.9846339;1.0;Infinity;0.00502524;1.0;0.022857143;0.672265;0.327735;1.5046668;0.0340002;1.0;1.0;0.049548876;Infinity;6.335645E-4;1.1051595;0.96153843;NaN;0.5728981;0.013094813;NaN;0.10678824;0.0074910857;0.18439142;0.39710268;Infinity;0.0340002;Infinity;1.0;1.0000012
Precedence(ER Sepsis Triage,Release E);0.0057142857;1.0;0.007478156;-Infinity;0.23722322;0.2415813;1.3086773;0.99563354;1.0;Infinity;6.411947E-4;1.0;0.0057142857;0.7641303;0.2358697;1.3109995;0.007478156;1.0;1.0;0.017830074;Infinity;2.3269757E-5;1.0224078;0.875;NaN;0.38810942;0.002217768;NaN;0.042119265;0.0013478268;0.08647633;0.26901695;Infinity;0.007478156;Infinity;1.0;1.0000113
AlternatePrecedence(ER Sepsis Triage,Release E);0.0057142857;1.0;0.008541235;-Infinity;0.3328786;0.3366906;1.4947162;0.996177;1.0;Infinity;0.0012593353;1.0;0.0057142857;0.66902333;0.33097667;1.4989775;0.008541235;1.0;1.0;0.025019484;Infinity;4.0299637E-5;1.0258188;0.875;NaN;0.57987154;0.0033135517;NaN;0.05332167;0.0018912952;0.092418805;0.40193632;Infinity;0.008541235;Infinity;1.0;1.0000011
Precedence(ER Triage,Admission IC);0.104761906;1.0;0.11753683;-Infinity;0.121409066;0.21345212;1.1219424;0.90662456;1.0;Infinity;0.002763623;1.0;0.104761906;0.89131135;0.10868865;1.1381861;0.11753683;1.0;1.0;0.035179194;Infinity;0.0028398482;1.2405353;0.9910714;NaN;0.16599861;0.017390331;NaN;0.11945556;0.011386432;0.34283644;0.11506147;Infinity;0.11753683;Infinity;1.0;0.99998575
Precedence(ER Triage,Admission NC);0.7619048;1.0;0.8008113;-Infinity;0.20405291;0.8104888;1.0510647;0.2751115;1.0;Infinity;0.015106409;1.0;0.7619048;0.95141613;0.048583865;1.256365;0.80081123;1.0;1.0;0.042407475;Infinity;0.06079975;10.154184;0.99875313;NaN;0.07185152;0.054744016;NaN;0.40423575;0.037016273;0.8948806;0.049803678;Infinity;0.8008113;Infinity;1.0;0.9999959
CoExistence(ER Triage,ER Registration);1.0;1.0;1.0;NaN;NaN;1.0;1.0;0.0;1.0;NaN;NaN;NaN;1.0;1.0;0.0;NaN;1.0;NaN;NaN;0.0;NaN;0.0;NaN;0.9990494;NaN;0.0;0.0;NaN;NaN;0.0;1.0;0.0;Infinity;1.0;NaN;1.0;NaN
RespondedExistence(ER Triage,ER Registration);1.0;1.0;1.0;NaN;NaN;1.0;1.0;0.0;1.0;NaN;NaN;NaN;1.0;1.0;0.0;NaN;1.0;NaN;NaN;0.0;NaN;0.0;NaN;0.9990494;NaN;0.0;0.0;NaN;NaN;0.0;1.0;0.0;Infinity;1.0;NaN;1.0;NaN
Precedence(ER Triage,Release A);0.6390476;1.0;0.678849;-Infinity;0.16243263;0.697678;1.0622823;0.39842016;1.0;Infinity;0.012172158;1.0;0.6390476;0.94136935;0.058630645;1.1939337;0.67884904;1.0;1.0;0.046869606;Infinity;0.05245409;2.445785;0.9985141;NaN;0.08716724;0.05570402;NaN;0.33206648;0.037467778;0.82392293;0.06041973;Infinity;0.678849;Infinity;1.0;1.0000042
AlternatePrecedence(ER Triage,Release A);0.6390476;1.0;0.7172551;-Infinity;0.30208218;0.7480849;1.1223813;0.43063235;1.0;Infinity;0.04209812;1.0;0.6390476;0.8909628;0.10903722;1.4328334;0.71725506;1.0;1.0;0.08716485;Infinity;0.106073044;10.275787;0.9985141;NaN;0.16656291;0.10644163;NaN;0.46547785;0.069679976;0.84690917;0.11545262;Infinity;0.7172551;Infinity;1.0;0.99999917
Precedence(ER Triage,Release B);0.053333335;1.0;0.059902098;-Infinity;0.11583773;0.16299324;1.1231643;0.9525151;1.0;Infinity;0.0013536306;1.0;0.053333335;0.8903417;0.1096583;1.1310141;0.059902098;1.0;1.0;0.0253245;Infinity;7.4381666E-4;1.1421992;0.98275864;NaN;0.16756898;0.008937012;NaN;0.08329896;0.0058484413;0.24474904;0.11614997;Infinity;0.059902098;Infinity;1.0;0.9999851
AlternatePrecedence(ER Triage,Release B);0.053333335;1.0;0.06678265;-Infinity;0.21273291;0.25471988;1.2521747;0.9574074;1.0;Infinity;0.004571693;1.0;0.053333335;0.7986106;0.20138937;1.270217;0.06678265;1.0;1.0;0.046508882;Infinity;0.0016154783;1.1917752;0.98275864;NaN;0.3244359;0.017303249;NaN;0.11919425;0.010740768;0.2584234;0.22488183;Infinity;0.06678265;Infinity;1.0;1.0000142
Precedence(ER Triage,Release C);0.023809524;1.0;0.026822975;-Infinity;0.11508771;0.13615726;1.126565;0.9788654;1.0;Infinity;6.142127E-4;1.0;0.023809524;0.8876541;0.112345874;1.1300554;0.026822975;1.0;1.0;0.017335344;Infinity;1.525786E-4;1.0718193;0.962963;NaN;0.17193054;0.004093584;NaN;0.05555981;0.0026749019;0.16377722;0.11917316;Infinity;0.026822975;Infinity;1.0;0.9999835
AlternatePrecedence(ER Triage,Release C);0.023809524;1.0;0.030001104;-Infinity;0.2114095;0.2301848;1.2600464;0.98110425;1.0;Infinity;0.0020796908;1.0;0.023809524;0.7936216;0.2063784;1.2680852;0.030001104;1.0;1.0;0.03184488;Infinity;3.3317282E-4;1.0881909;0.962963;NaN;0.3334768;0.0079399245;NaN;0.07964113;0.0049137715;0.17320827;0.23114851;Infinity;0.030001104;Infinity;1.0;1.0000151
Precedence(ER Triage,Release D);0.022857143;1.0;0.025763294;-Infinity;0.11544227;0.13566093;1.1271441;0.9797212;1.0;Infinity;5.9396925E-4;1.0;0.022857143;0.887198;0.11280203;1.1305084;0.025763294;1.0;1.0;0.017054064;Infinity;1.4129833E-4;1.069316;0.96153843;NaN;0.17267197;0.0039467877;NaN;0.05453511;0.0025783312;0.16050948;0.11968709;Infinity;0.025763294;Infinity;1.0;0.9999841
AlternatePrecedence(ER Triage,Release D);0.022857143;1.0;0.028824838;-Infinity;0.21187341;0.22988707;1.2610866;0.98187506;1.0;Infinity;0.0020073801;1.0;0.022857143;0.7929669;0.2070331;1.2688317;0.028824838;1.0;1.0;0.031300463;Infinity;3.084222E-4;1.0848247;0.96153843;NaN;0.33466733;0.007649539;NaN;0.07814986;0.004732184;0.1697788;0.23197372;Infinity;0.028824838;Infinity;1.0;1.0000151
Precedence(ER Triage,Release E);0.0057142857;1.0;0.0064476267;-Infinity;0.11439352;0.11945434;1.1283348;0.99493563;1.0;Infinity;1.4718965E-4;1.0;0.0057142857;0.8862619;0.11373812;1.1291696;0.0064476267;1.0;1.0;0.008597794;Infinity;8.918835E-6;1.0187865;0.875;NaN;0.17419516;9.95401E-4;NaN;0.027157726;6.499323E-4;0.08029711;0.12074288;Infinity;0.0064476267;Infinity;1.0;0.99998325
AlternatePrecedence(ER Triage,Release E);0.0057142857;1.0;0.007223069;-Infinity;0.21008198;0.21459512;1.2640373;0.99547935;1.0;Infinity;5.0358835E-4;1.0;0.0057142857;0.791116;0.208884;1.2659541;0.007223069;1.0;1.0;0.015790146;Infinity;1.9519679E-5;1.0215669;0.875;NaN;0.33803898;0.0019316513;NaN;0.038954888;0.0011936231;0.084988646;0.23431076;Infinity;0.007223069;Infinity;1.0;1.0000153
Precedence(ER Triage,Return ER);0.28;1.0;0.30882302;-Infinity;0.12962717;0.37333155;1.1029394;0.7461329;1.0;Infinity;0.006775308;1.0;0.28;0.9066682;0.093331814;1.1489329;0.30882302;1.0;1.0;0.049386553;Infinity;0.016971659;1.4672227;0.9966216;NaN;0.14135349;0.039578974;NaN;0.20008026;0.026132911;0.5557185;0.09797877;Infinity;0.30882302;Infinity;1.0;1.0000031
AlternatePrecedence(ER Triage,Return ER);0.28;1.0;0.337739;-Infinity;0.23744036;0.45095694;1.2062107;0.7678681;1.0;Infinity;0.02273192;1.0;0.28;0.82904255;0.17095745;1.3113729;0.337739;1.0;1.0;0.09046218;Infinity;0.035667636;1.9463539;0.9966216;NaN;0.27048197;0.07573495;NaN;0.2831843;0.047868088;0.58115315;0.18748382;Infinity;0.337739;Infinity;1.0;1.000003
RespondedExistence(IV Antibiotics,CRP);0.78380954;1.0;0.81727904;-Infinity;0.1894273;0.8247619;1.042701;0.24828929;1.0;Infinity;0.01216072;1.0;0.78380954;0.9590477;0.040952325;1.2336956;0.81727904;1.0;1.0;0.03625633;Infinity;0.053587563;11.448126;0.9987879;NaN;0.060325526;0.047283724;NaN;0.39346486;0.03209883;0.90403485;0.04181447;Infinity;0.81727904;Infinity;1.0;0.99999887
RespondedExistence(IV Antibiotics,ER Registration);0.78380954;1.0;0.78380954;NaN;0.0;0.78380954;1.0;0.21619046;1.0;NaN;1.4901161E-8;NaN;0.78380954;1.0;0.0;1.0;0.78380954;NaN;NaN;0.0;NaN;0.0;1.0;0.9987879;NaN;0.0;0.0;NaN;NaN;0.0;0.8853302;0.0;Infinity;0.78380954;NaN;1.0;NaN
RespondedExistence(IV Antibiotics,ER Sepsis Triage);0.78380954;1.0;0.78455675;-Infinity;0.004405286;0.7847619;1.0009533;0.21693695;1.0;Infinity;6.5673594E-6;1.0;0.78380954;0.99904764;9.52363E-4;1.0044248;0.78455675;1.0;1.0;8.431557E-4;Infinity;0.0011719126;1.0298152;0.9987879;NaN;0.0013746901;0.0010774952;NaN;0.058789693;7.464886E-4;0.8857521;9.5286255E-4;Infinity;0.78455675;Infinity;1.0;1.0000044
NotSuccession(IV Antibiotics,ER Sepsis Triage);0.99904764;1.0;1.0;-Infinity;1.0;1.0;1.0009533;0.001903832;1.0;Infinity;0.00190293;1.0;0.99904764;0.99904764;9.52363E-4;Infinity;1.0;1.0;1.0;9.519094E-4;Infinity;0.0019039105;-0.0038149233;0.99904853;NaN;0.0013746901;0.0013733809;NaN;0.99999475;9.5146894E-4;1.0;9.5286255E-4;Infinity;1.0;Infinity;1.0;0.99999475
RespondedExistence(IV Antibiotics,ER Triage);0.78380954;1.0;0.78380954;NaN;0.0;0.78380954;1.0;0.21619046;1.0;NaN;1.4901161E-8;NaN;0.78380954;1.0;0.0;1.0;0.78380954;NaN;NaN;0.0;NaN;0.0;1.0;0.9987879;NaN;0.0;0.0;NaN;NaN;0.0;0.8853302;0.0;Infinity;0.78380954;NaN;1.0;NaN
RespondedExistence(IV Antibiotics,Leucocytes);0.78380954;1.0;0.8132411;-Infinity;0.16740087;0.82;1.0375494;0.2445569;1.0;Infinity;0.009497104;1.0;0.78380954;0.96380955;0.03619045;1.2010583;0.81324106;1.0;1.0;0.0320405;Infinity;0.04700369;6.0468807;0.9987879;NaN;0.053179994;0.04168299;NaN;0.36896792;0.028366446;0.90179884;0.036861565;Infinity;0.8132411;Infinity;1.0;1.0000002
RespondedExistence(IV Liquid,CRP);0.7171429;1.0;0.7477656;-Infinity;0.14478114;0.75809526;1.042701;0.31222576;1.0;Infinity;0.008503977;1.0;0.7171429;0.9590477;0.040952325;1.1692914;0.7477656;1.0;1.0;0.034680184;Infinity;0.044859488;2.683497;0.9986755;NaN;0.060325526;0.04326202;NaN;0.32903168;0.029368639;0.8647344;0.04181447;Infinity;0.7477656;Infinity;1.0;0.9999977
RespondedExistence(IV Liquid,ER Registration);0.7171429;1.0;0.7171429;NaN;0.0;0.7171429;1.0;0.28285712;1.0;NaN;2.9802322E-8;NaN;0.7171429;1.0;0.0;1.0;0.71714294;NaN;NaN;0.0;NaN;0.0;1.0;0.9986755;NaN;0.0;0.0;NaN;NaN;0.0;0.8468429;0.0;Infinity;0.7171429;NaN;1.0;NaN
RespondedExistence(IV Liquid,ER Sepsis Triage);0.7171429;1.0;0.7178265;-Infinity;0.0033670033;0.71809524;1.0009533;0.28354013;1.0;Infinity;4.557665E-6;1.0;0.7171429;0.99904764;9.52363E-4;1.0033784;0.7178265;1.0;1.0;8.0650183E-4;Infinity;9.810374E-4;1.0188731;0.9986755;NaN;0.0013746901;9.858492E-4;NaN;0.049163405;6.830096E-4;0.84724647;9.5286255E-4;Infinity;0.7178265;Infinity;1.0;1.0000241
RespondedExistence(IV Liquid,ER Triage);0.7171429;1.0;0.7171429;NaN;0.0;0.7171429;1.0;0.28285712;1.0;NaN;2.9802322E-8;NaN;0.7171429;1.0;0.0;1.0;0.71714294;NaN;NaN;0.0;NaN;0.0;1.0;0.9986755;NaN;0.0;0.0;NaN;NaN;0.0;0.8468429;0.0;Infinity;0.7171429;NaN;1.0;NaN
RespondedExistence(IV Liquid,IV Antibiotics);0.7171429;1.0;0.9149453;-Infinity;0.7643097;0.93333334;1.2758201;0.43789655;1.0;Infinity;0.23699631;1.0;0.7171429;0.78380954;0.21619046;4.242857;0.91494524;1.0;1.0;0.18307935;Infinity;0.32283103;-1.8600172;0.9986755;NaN;0.35142496;0.2520219;NaN;0.83624244;0.15503943;0.9565277;0.24358922;Infinity;0.9149453;Infinity;1.0;0.9999998
RespondedExistence(IV Liquid,Leucocytes);0.7171429;1.0;0.7440711;-Infinity;0.12794612;0.75333333;1.0375494;0.30881083;1.0;Infinity;0.006641334;1.0;0.7171429;0.96380955;0.03619045;1.1467181;0.7440711;1.0;1.0;0.030647626;Infinity;0.03934796;2.3221512;0.9986755;NaN;0.053179994;0.038137656;NaN;0.30854625;0.02595371;0.86259556;0.036861565;Infinity;0.7440711;Infinity;1.0;0.9999988
RespondedExistence(LacticAcid,CRP);0.81904763;1.0;0.85402185;-Infinity;0.22631578;0.86;1.0427011;0.21449435;1.0;Infinity;0.015182164;1.0;0.81904763;0.9590476;0.040952384;1.2925171;0.85402185;1.0;1.0;0.03706242;Infinity;0.05851436;-6.018396;0.9988399;NaN;0.06032569;0.049409613;NaN;0.439635;0.033541977;0.92413306;0.04181458;Infinity;0.85402185;Infinity;1.0;1.0000008
RespondedExistence(LacticAcid,ER Registration);0.81904763;1.0;0.81904763;NaN;0.0;0.81904763;1.0;0.18095237;1.0;NaN;1.4901161E-8;NaN;0.81904763;1.0;0.0;1.0;0.81904763;NaN;NaN;0.0;NaN;0.0;1.0;0.9988399;NaN;0.0;0.0;NaN;NaN;0.0;0.9050125;0.0;Infinity;0.81904763;NaN;1.0;NaN
RespondedExistence(LacticAcid,ER Triage);0.81904763;1.0;0.81904763;NaN;0.0;0.81904763;1.0;0.18095237;1.0;NaN;1.4901161E-8;NaN;0.81904763;1.0;0.0;1.0;0.81904763;NaN;NaN;0.0;NaN;0.0;1.0;0.9988399;NaN;0.0;0.0;NaN;NaN;0.0;0.9050125;0.0;Infinity;0.81904763;NaN;1.0;NaN
RespondedExistence(LacticAcid,Leucocytes);0.81904763;1.0;0.8498024;-Infinity;0.2;0.8552381;1.0375494;0.21059406;1.0;Infinity;0.0118566565;1.0;0.81904763;0.96380955;0.03619045;1.25;0.8498024;1.0;1.0;0.03275281;Infinity;0.051325027;-13.714871;0.9988399;NaN;0.053179994;0.043556947;NaN;0.4122621;0.029641688;0.9218472;0.036861565;Infinity;0.8498024;Infinity;1.0;0.9999988
RespondedExistence(Leucocytes,ER Registration);0.96380955;1.0;0.96380955;NaN;0.0;0.96380955;1.0;0.03619045;1.0;NaN;2.6077032E-8;NaN;0.96380955;1.0;0.0;1.0;0.9638096;NaN;NaN;0.0;NaN;0.0;1.0;0.9990138;NaN;0.0;0.0;NaN;NaN;0.0;0.98173803;0.0;Infinity;0.96380955;NaN;1.0;NaN
RespondedExistence(Leucocytes,ER Triage);0.96380955;1.0;0.96380955;NaN;0.0;0.96380955;1.0;0.03619045;1.0;NaN;2.6077032E-8;NaN;0.96380955;1.0;0.0;1.0;0.9638096;NaN;NaN;0.0;NaN;0.0;1.0;0.9990138;NaN;0.0;0.0;NaN;NaN;0.0;0.98173803;0.0;Infinity;0.96380955;NaN;1.0;NaN
Precedence(Leucocytes,Release B);0.053333335;1.0;0.08052392;-Infinity;0.35669458;0.39100417;1.5098234;0.9646758;1.0;Infinity;0.012847566;1.0;0.053333335;0.6623291;0.33767092;1.5544716;0.08052392;1.0;1.0;0.07798176;Infinity;0.0036396568;1.2628158;0.98275864;NaN;0.59437984;0.03170026;NaN;0.169477;0.018009115;0.28376737;0.41199273;Infinity;0.08052392;Infinity;1.0;1.0000002
AlternatePrecedence(Leucocytes,Release B);0.053333335;1.0;0.091604374;-Infinity;0.4413234;0.47111946;1.717582;0.9689486;1.0;Infinity;0.019667098;1.0;0.053333335;0.5822138;0.41778618;1.7899443;0.091604374;1.0;1.0;0.09648359;Infinity;0.0055469167;1.3159311;0.98275864;NaN;0.78037894;0.041620214;NaN;0.20106508;0.02228193;0.30266216;0.54091746;Infinity;0.091604374;Infinity;1.0;1.0000001
Precedence(Leucocytes,Release C);0.023809524;1.0;0.036438983;-Infinity;0.3550454;0.37040147;1.5304372;0.98444265;1.0;Infinity;0.0058597536;1.0;0.023809524;0.65340805;0.34659195;1.5504968;0.036438983;1.0;1.0;0.0534803;Infinity;7.6090597E-4;1.113537;0.962963;NaN;0.6139439;0.014617711;NaN;0.113743104;0.0082521895;0.19088997;0.42555347;Infinity;0.036438983;Infinity;1.0;1.0
AlternatePrecedence(Leucocytes,Release C);0.023809524;1.0;0.04169851;-Infinity;0.43947157;0.4528176;1.7513375;0.98640496;1.0;Infinity;0.0089777745;1.0;0.023809524;0.5709922;0.42900783;1.7840309;0.04169851;1.0;1.0;0.06619734;Infinity;0.0011718726;1.133116;0.962963;NaN;0.80845714;0.019248981;NaN;0.13537094;0.010214472;0.20420213;0.5603798;Infinity;0.04169851;Infinity;1.0;0.99999946
Precedence(Leucocytes,Release D);0.022857143;1.0;0.03501714;-Infinity;0.35538137;0.37011543;1.532;0.9850802;1.0;Infinity;0.0056417;1.0;0.022857143;0.65274155;0.34725845;1.5513047;0.03501714;1.0;1.0;0.052500542;Infinity;7.037512E-4;1.1089554;0.96153843;NaN;0.6154162;0.014066657;NaN;0.111554705;0.007937336;0.18712868;0.42657402;Infinity;0.03501714;Infinity;1.0;1.0000005
AlternatePrecedence(Leucocytes,Release D);0.022857143;1.0;0.040091313;-Infinity;0.4399285;0.45273018;1.753995;0.9869685;1.0;Infinity;0.008645163;1.0;0.022857143;0.57012707;0.42987293;1.7854862;0.040091313;1.0;1.0;0.06499068;Infinity;0.0010848644;1.1276851;0.96153843;NaN;0.81064457;0.018529018;NaN;0.1328055;0.009825666;0.20022815;0.561896;Infinity;0.040091313;Infinity;1.0;0.9999997
Precedence(Leucocytes,Release E);0.0057142857;1.0;0.008805553;-Infinity;0.35307637;0.35677302;1.5409719;0.99629176;1.0;Infinity;0.0014167044;1.0;0.0057142857;0.6489411;0.3510589;1.5457774;0.008805553;1.0;1.0;0.026537558;Infinity;4.4884713E-5;1.0266577;0.875;NaN;0.6238405;0.003564803;NaN;0.055758733;0.002006051;0.09383791;0.4324133;Infinity;0.008805553;Infinity;1.0;1.0000006
AlternatePrecedence(Leucocytes,Release E);0.0057142857;1.0;0.010106407;-Infinity;0.4370856;0.44030237;1.7686213;0.9967691;1.0;Infinity;0.002170722;1.0;0.0057142857;0.56541216;0.43458784;1.7764691;0.010106407;1.0;1.0;0.032851752;Infinity;6.9486414E-5;1.0307714;0.875;NaN;0.82262516;0.004700715;NaN;0.066463225;0.002483359;0.10053063;0.5702003;Infinity;0.010106407;Infinity;1.0;0.99999946
NotSuccession(Release A,Admission IC);0.66190475;1.0;1.0;-Infinity;1.0;1.0;1.5107914;0.56188214;1.0;Infinity;0.4475737;1.0;0.66190475;0.66190475;0.33809525;Infinity;1.0;1.0;1.0;0.27506593;Infinity;0.56188214;-2.034234;0.99856526;NaN;0.5953045;0.39403486;NaN;1.0000001;0.22378686;1.0;0.41263363;Infinity;1.0;Infinity;1.0;1.0000001
NotSuccession(Release A,Admission NC);0.76285714;1.0;1.0;-Infinity;1.0;1.0;1.3108615;0.41804898;1.0;Infinity;0.36181226;1.0;0.76285714;0.76285714;0.23714286;Infinity;1.0;1.0;1.0;0.20712459;Infinity;0.41804904;-1.3101128;0.9987547;NaN;0.39051524;0.29790732;NaN;0.99999994;0.18090612;1.0;0.27068454;Infinity;1.0;Infinity;1.0;0.99999994
RespondedExistence(Release A,ER Registration);0.6390476;1.0;0.6390476;NaN;0.0;0.6390476;1.0;0.36095238;1.0;NaN;0.0;NaN;0.6390476;1.0;0.0;1.0;0.6390476;NaN;NaN;0.0;NaN;0.0;1.0;0.9985141;NaN;0.0;0.0;NaN;NaN;0.0;0.79940456;0.0;Infinity;0.6390476;NaN;1.0;NaN
NotSuccession(Release A,ER Registration);1.0;1.0;1.0;NaN;NaN;1.0;1.0;0.0;1.0;NaN;NaN;NaN;1.0;1.0;0.0;NaN;1.0;NaN;NaN;0.0;NaN;0.0;NaN;0.9990494;NaN;0.0;0.0;NaN;NaN;0.0;1.0;0.0;Infinity;1.0;NaN;1.0;NaN
NotSuccession(Release A,ER Sepsis Triage);1.0;1.0;1.0;NaN;NaN;1.0;1.0;0.0;1.0;NaN;NaN;NaN;1.0;1.0;0.0;NaN;1.0;NaN;NaN;0.0;NaN;0.0;NaN;0.9990494;NaN;0.0;0.0;NaN;NaN;0.0;1.0;0.0;Infinity;1.0;NaN;1.0;NaN
RespondedExistence(Release A,ER Triage);0.6390476;1.0;0.6390476;NaN;0.0;0.6390476;1.0;0.36095238;1.0;NaN;0.0;NaN;0.6390476;1.0;0.0;1.0;0.6390476;NaN;NaN;0.0;NaN;0.0;1.0;0.9985141;NaN;0.0;0.0;NaN;NaN;0.0;0.79940456;0.0;Infinity;0.6390476;NaN;1.0;NaN
NotSuccession(Release A,ER Triage);1.0;1.0;1.0;NaN;NaN;1.0;1.0;0.0;1.0;NaN;NaN;NaN;1.0;1.0;0.0;NaN;1.0;NaN;NaN;0.0;NaN;0.0;NaN;0.9990494;NaN;0.0;0.0;NaN;NaN;0.0;1.0;0.0;Infinity;1.0;NaN;1.0;NaN
NotSuccession(Release A,IV Antibiotics);0.86;1.0;1.0;-Infinity;1.0;1.0;1.1627907;0.2604;1.0;Infinity;0.2408;1.0;0.86;0.86;0.13999999;Infinity;1.0;1.0;1.0;0.12983064;Infinity;0.26039994;-0.68598527;0.99889505;NaN;0.21759139;0.18712859;NaN;1.0000001;0.12040001;1.0;0.15082285;Infinity;1.0;Infinity;1.0;1.0000001
NotSuccession(Release A,IV Liquid);0.8428571;1.0;1.0;-Infinity;1.0;1.0;1.1864407;0.28959185;1.0;Infinity;0.26489797;1.0;0.8428571;0.8428571;0.15714288;Infinity;1.0;1.0;1.0;0.14426856;Infinity;0.28959188;-0.7878956;0.9988726;NaN;0.24664;0.20788229;NaN;0.99999994;0.13244897;1.0;0.17095782;Infinity;1.0;Infinity;1.0;0.9999999
NotSuccession(Release A,Release B);0.69238096;1.0;1.0;-Infinity;1.0;1.0;1.4442916;0.5206086;1.0;Infinity;0.42597914;1.0;0.69238096;0.69238096;0.30761904;Infinity;1.0;1.0;1.0;0.25596806;Infinity;0.5206086;-1.8139012;0.99862826;NaN;0.53036207;0.3672126;NaN;1.0;0.21298957;1.0;0.36761895;Infinity;1.0;Infinity;1.0;1.0
NotCoExistence(Release A,Release B);0.69238096;1.0;1.0;-Infinity;1.0;1.0;1.4442916;0.5206086;1.0;Infinity;0.42597914;1.0;0.69238096;0.69238096;0.30761904;Infinity;1.0;1.0;1.0;0.25596806;Infinity;0.5206086;-1.8139012;0.99862826;NaN;0.53036207;0.3672126;NaN;1.0;0.21298957;1.0;0.36761895;Infinity;1.0;Infinity;1.0;1.0
NotSuccession(Release A,Release C);0.6628571;1.0;1.0;-Infinity;1.0;1.0;1.5086207;0.5606204;1.0;Infinity;0.4469551;1.0;0.6628571;0.6628571;0.33714288;Infinity;1.0;1.0;1.0;0.2744884;Infinity;0.5606204;-2.0273957;0.99856734;NaN;0.5932302;0.39322683;NaN;1.0000001;0.22347757;1.0;0.4111958;Infinity;1.0;Infinity;1.0;1.0000001
NotCoExistence(Release A,Release C);0.6628571;1.0;1.0;-Infinity;1.0;1.0;1.5086207;0.5606204;1.0;Infinity;0.4469551;1.0;0.6628571;0.6628571;0.33714288;Infinity;1.0;1.0;1.0;0.2744884;Infinity;0.5606204;-2.0273957;0.99856734;NaN;0.5932302;0.39322683;NaN;1.0000001;0.22347757;1.0;0.4111958;Infinity;1.0;Infinity;1.0;1.0000001
NotSuccession(Release A,Release D);0.66190475;1.0;1.0;-Infinity;1.0;1.0;1.5107914;0.56188214;1.0;Infinity;0.4475737;1.0;0.66190475;0.66190475;0.33809525;Infinity;1.0;1.0;1.0;0.27506593;Infinity;0.56188214;-2.034234;0.99856526;NaN;0.5953045;0.39403486;NaN;1.0000001;0.22378686;1.0;0.41263363;Infinity;1.0;Infinity;1.0;1.0000001
NotCoExistence(Release A,Release D);0.66190475;1.0;1.0;-Infinity;1.0;1.0;1.5107914;0.56188214;1.0;Infinity;0.4475737;1.0;0.66190475;0.66190475;0.33809525;Infinity;1.0;1.0;1.0;0.27506593;Infinity;0.56188214;-2.034234;0.99856526;NaN;0.5953045;0.39403486;NaN;1.0000001;0.22378686;1.0;0.41263363;Infinity;1.0;Infinity;1.0;1.0000001
NotSuccession(Release A,Release E);0.6447619;1.0;1.0;-Infinity;1.0;1.0;1.5509601;0.58428204;1.0;Infinity;0.45808798;1.0;0.6447619;0.6447619;0.35523808;Infinity;1.0;1.0;1.0;0.28524578;Infinity;0.58428204;-2.1563718;0.9985272;NaN;0.63316154;0.40823844;NaN;0.99999994;0.22904399;1.0;0.43887413;Infinity;1.0;Infinity;1.0;0.99999994
NotCoExistence(Release A,Release E);0.6447619;1.0;1.0;-Infinity;1.0;1.0;1.5509601;0.58428204;1.0;Infinity;0.45808798;1.0;0.6447619;0.6447619;0.35523808;Infinity;1.0;1.0;1.0;0.28524578;Infinity;0.58428204;-2.1563718;0.9985272;NaN;0.63316154;0.40823844;NaN;0.99999994;0.22904399;1.0;0.43887413;Infinity;1.0;Infinity;1.0;0.99999994
NotSuccession(Release B,Admission IC);0.14571428;1.0;1.0;-Infinity;1.0;1.0;6.8627453;0.97876734;1.0;Infinity;0.24896327;1.0;0.14571428;0.14571428;0.8542857;Infinity;1.0;1.0;1.0;0.32610255;Infinity;0.97876734;-2.6064432;0.9935484;NaN;2.7787857;0.40490878;NaN;1.0;0.12448163;1.0;1.9261075;Infinity;1.0;Infinity;1.0;1.0
RespondedExistence(Release B,CRP);0.053333335;1.0;0.055610728;-Infinity;0.043259557;0.09428571;1.0427011;0.9488508;1.0;Infinity;1.8896203E-4;1.0;0.053333335;0.9590476;0.040952384;1.0452156;0.055610728;1.0;1.0;0.009457548;Infinity;2.481085E-4;1.0821773;0.98275864;NaN;0.06032569;0.0032173702;NaN;0.049047876;0.0021841265;0.23581927;0.04181458;Infinity;0.055610728;Infinity;1.0;0.99999976
NotSuccession(Release B,CRP);0.9590476;1.0;1.0;-Infinity;1.0;1.0;1.0427011;0.08022767;1.0;Infinity;0.07855057;1.0;0.9590476;0.9590476;0.040952384;Infinity;1.0;1.0;1.0;0.04010507;Infinity;0.080227725;-0.17413364;0.9990089;NaN;0.06032569;0.057855207;NaN;1.0000001;0.03927529;1.0;0.04181458;Infinity;1.0;Infinity;1.0;1.0000001
RespondedExistence(Release B,ER Registration);0.053333335;1.0;0.053333335;NaN;0.0;0.053333335;1.0;0.94666666;1.0;NaN;-7.4505806E-9;NaN;0.053333335;1.0;0.0;1.0;0.05333334;NaN;NaN;0.0;NaN;0.0;1.0;0.98275864;NaN;0.0;0.0;NaN;NaN;0.0;0.2309401;0.0;Infinity;0.053333335;NaN;1.0;NaN
NotSuccession(Release B,ER Registration);1.0;1.0;1.0;NaN;NaN;1.0;1.0;0.0;1.0;NaN;NaN;NaN;1.0;1.0;0.0;NaN;1.0;NaN;NaN;0.0;NaN;0.0;NaN;0.9990494;NaN;0.0;0.0;NaN;NaN;0.0;1.0;0.0;Infinity;1.0;NaN;1.0;NaN
RespondedExistence(Release B,ER Sepsis Triage);0.053333335;1.0;0.053384177;-Infinity;0.0010060362;0.054285716;1.0009533;0.94671744;1.0;Infinity;1.1381982E-7;1.0;0.053333335;0.99904764;9.52363E-4;1.001007;0.053384177;1.0;1.0;2.1993883E-4;Infinity;5.425898E-6;1.0030297;0.98275864;NaN;0.0013746901;7.3316805E-5;NaN;0.0073285648;5.0794333E-5;0.23105016;9.5286255E-4;Infinity;0.053384177;Infinity;1.0;1.0000134
NotSuccession(Release B,ER Sepsis Triage);0.99904764;1.0;1.0;-Infinity;1.0;1.0;1.0009533;0.001903832;1.0;Infinity;0.00190293;1.0;0.99904764;0.99904764;9.52363E-4;Infinity;1.0;1.0;1.0;9.519094E-4;Infinity;0.0019039105;-0.0038149233;0.99904853;NaN;0.0013746901;0.0013733809;NaN;0.99999475;9.5146894E-4;1.0;9.5286255E-4;Infinity;1.0;Infinity;1.0;0.99999475
RespondedExistence(Release B,ER Triage);0.053333335;1.0;0.053333335;NaN;0.0;0.053333335;1.0;0.94666666;1.0;NaN;-7.4505806E-9;NaN;0.053333335;1.0;0.0;1.0;0.05333334;NaN;NaN;0.0;NaN;0.0;1.0;0.98275864;NaN;0.0;0.0;NaN;NaN;0.0;0.2309401;0.0;Infinity;0.053333335;NaN;1.0;NaN
NotSuccession(Release B,ER Triage);1.0;1.0;1.0;NaN;NaN;1.0;1.0;0.0;1.0;NaN;NaN;NaN;1.0;1.0;0.0;NaN;1.0;NaN;NaN;0.0;NaN;0.0;NaN;0.9990494;NaN;0.0;0.0;NaN;NaN;0.0;1.0;0.0;Infinity;1.0;NaN;1.0;NaN
NotSuccession(Release B,IV Antibiotics);0.7942857;1.0;1.0;-Infinity;1.0;1.0;1.2589929;0.36911023;1.0;Infinity;0.32679182;1.0;0.7942857;0.7942857;0.20571429;Infinity;1.0;1.0;1.0;0.18333814;Infinity;0.36911038;-1.096571;0.99880385;NaN;0.33227015;0.26391745;NaN;1.0000001;0.16339594;1.0;0.23031212;Infinity;1.0;Infinity;1.0;1.0000002
NotSuccession(Release B,IV Liquid);0.7304762;1.0;1.0;-Infinity;1.0;1.0;1.3689699;0.4664045;1.0;Infinity;0.39376146;1.0;0.7304762;0.7304762;0.2695238;Infinity;1.0;1.0;1.0;0.23035634;Infinity;0.4664044;-1.538683;0.9986996;NaN;0.45309076;0.33097202;NaN;0.9999999;0.1968807;1.0;0.31405857;Infinity;1.0;Infinity;1.0;0.9999998
NotSuccession(Release B,LacticAcid);0.8247619;1.0;1.0;-Infinity;1.0;1.0;1.2124711;0.31976777;1.0;Infinity;0.2890594;1.0;0.8247619;0.8247619;0.17523807;Infinity;1.0;1.0;1.0;0.15914492;Infinity;0.3197678;-0.89956254;0.9988479;NaN;0.2779504;0.2292429;NaN;0.9999999;0.1445297;1.0;0.19266053;Infinity;1.0;Infinity;1.0;0.9999999
RespondedExistence(Release B,Leucocytes);0.053333335;1.0;0.05533597;-Infinity;0.038229376;0.08952381;1.0375494;0.94859684;1.0;Infinity;1.4757518E-4;1.0;0.053333335;0.96380955;0.03619045;1.0397489;0.05533597;1.0;1.0;0.008357827;Infinity;2.1762478E-4;1.0758059;0.98275864;NaN;0.053179994;0.0028362665;NaN;0.04599412;0.0019301586;0.23523599;0.036861565;Infinity;0.05533597;Infinity;1.0;0.9999999
NotSuccession(Release B,Leucocytes);0.96380955;1.0;1.0;-Infinity;1.0;1.0;1.0375494;0.07107115;1.0;Infinity;0.069761425;1.0;0.96380955;0.96380955;0.03619045;Infinity;1.0;1.0;1.0;0.035529543;Infinity;0.07107115;-0.15280196;0.9990138;NaN;0.053179994;0.051255386;NaN;0.99999917;0.034880698;1.0;0.036861565;Infinity;1.0;Infinity;1.0;0.99999917
NotSuccession(Release B,Release A);0.69238096;1.0;1.0;-Infinity;1.0;1.0;1.4442916;0.5206086;1.0;Infinity;0.42597914;1.0;0.69238096;0.69238096;0.30761904;Infinity;1.0;1.0;1.0;0.25596806;Infinity;0.5206086;-1.8139012;0.99862826;NaN;0.53036207;0.3672126;NaN;1.0;0.21298957;1.0;0.36761895;Infinity;1.0;Infinity;1.0;1.0
NotCoExistence(Release B,Release A);0.69238096;1.0;1.0;-Infinity;1.0;1.0;1.4442916;0.5206086;1.0;Infinity;0.42597914;1.0;0.69238096;0.69238096;0.30761904;Infinity;1.0;1.0;1.0;0.25596806;Infinity;0.5206086;-1.8139012;0.99862826;NaN;0.53036207;0.3672126;NaN;1.0;0.21298957;1.0;0.36761895;Infinity;1.0;Infinity;1.0;1.0
NotSuccession(Release B,Release C);0.07714286;1.0;1.0;-Infinity;1.0;1.0;12.962963;0.99404895;1.0;Infinity;0.14238365;1.0;0.07714286;0.07714286;0.92285717;Infinity;1.0;1.0;1.0;0.2563199;Infinity;0.994049;-2.3181672;0.9879518;NaN;3.6963236;0.28514495;NaN;1.0;0.07119184;1.0;2.5620964;Infinity;1.0;Infinity;1.0;1.0
NotCoExistence(Release B,Release C);0.07714286;1.0;1.0;-Infinity;1.0;1.0;12.962963;0.99404895;1.0;Infinity;0.14238365;1.0;0.07714286;0.07714286;0.92285717;Infinity;1.0;1.0;1.0;0.2563199;Infinity;0.994049;-2.3181672;0.9879518;NaN;3.6963236;0.28514495;NaN;1.0;0.07119184;1.0;2.5620964;Infinity;1.0;Infinity;1.0;1.0
NotSuccession(Release B,Release D);0.07619048;1.0;1.0;-Infinity;1.0;1.0;13.125;0.994195;1.0;Infinity;0.14077097;1.0;0.07619048;0.07619048;0.9238095;Infinity;1.0;1.0;1.0;0.25499567;Infinity;0.9941951;-2.3141549;0.9878049;NaN;3.7142456;0.28299016;NaN;1.0;0.07038549;1.0;2.574519;Infinity;1.0;Infinity;1.0;1.0
NotCoExistence(Release B,Release D);0.07619048;1.0;1.0;-Infinity;1.0;1.0;13.125;0.994195;1.0;Infinity;0.14077097;1.0;0.07619048;0.07619048;0.9238095;Infinity;1.0;1.0;1.0;0.25499567;Infinity;0.9941951;-2.3141549;0.9878049;NaN;3.7142456;0.28299016;NaN;1.0;0.07038549;1.0;2.574519;Infinity;1.0;Infinity;1.0;1.0
NotSuccession(Release B,Release E);0.05904762;1.0;1.0;-Infinity;1.0;1.0;16.935484;0.99651337;1.0;Infinity;0.11112201;1.0;0.05904762;0.05904762;0.94095236;Infinity;1.0;1.0;1.0;0.22864875;Infinity;0.9965134;-2.242182;0.984375;NaN;4.0819774;0.24103105;NaN;1.0;0.055561;1.0;2.829411;Infinity;1.0;Infinity;1.0;1.0
NotCoExistence(Release B,Release E);0.05904762;1.0;1.0;-Infinity;1.0;1.0;16.935484;0.99651337;1.0;Infinity;0.11112201;1.0;0.05904762;0.05904762;0.94095236;Infinity;1.0;1.0;1.0;0.22864875;Infinity;0.9965134;-2.242182;0.984375;NaN;4.0819774;0.24103105;NaN;1.0;0.055561;1.0;2.829411;Infinity;1.0;Infinity;1.0;1.0
NotSuccession(Release B,Return ER);0.33333334;1.0;1.0;-Infinity;1.0;1.0;2.9999998;0.8888889;1.0;Infinity;0.44444445;1.0;0.33333334;0.33333334;0.6666666;Infinity;1.0;1.0;1.0;0.38490015;Infinity;0.8888888;-3.1999993;0.99715906;NaN;1.5849624;0.5283208;NaN;0.99999994;0.22222222;1.0;1.0986122;Infinity;1.0;Infinity;1.0;0.99999994
NotCoExistence(Release B,Return ER);0.33333334;1.0;1.0;-Infinity;1.0;1.0;2.9999998;0.8888889;1.0;Infinity;0.44444445;1.0;0.33333334;0.33333334;0.6666666;Infinity;1.0;1.0;1.0;0.38490015;Infinity;0.8888888;-3.1999993;0.99715906;NaN;1.5849624;0.5283208;NaN;0.99999994;0.22222222;1.0;1.0986122;Infinity;1.0;Infinity;1.0;0.99999994
NotSuccession(Release C,Admission IC);0.12761904;1.0;1.0;-Infinity;1.0;1.0;7.8358207;0.9837134;1.0;Infinity;0.22266483;1.0;0.12761904;0.12761904;0.872381;Infinity;1.0;1.0;1.0;0.3116477;Infinity;0.98371327;-2.5309892;0.99264705;NaN;2.9700844;0.37903932;NaN;1.0;0.111332424;1.0;2.0587056;Infinity;1.0;Infinity;1.0;1.0
RespondedExistence(Release C,Admission NC);0.023809524;1.0;0.03125;-Infinity;0.24390244;0.26190478;1.3125;0.9818594;1.0;Infinity;0.0027652886;1.0;0.023809524;0.7619048;0.23809522;1.3225807;0.03125;1.0;1.0;0.03673889;Infinity;4.096691E-4;1.0934402;0.962963;NaN;0.3923174;0.009340892;NaN;0.08730379;0.0056689344;0.17677669;0.2719337;Infinity;0.03125;Infinity;1.0;1.0
NotSuccession(Release C,Admission NC);0.7619048;1.0;1.0;-Infinity;1.0;1.0;1.3125;0.41950113;1.0;Infinity;0.36281177;1.0;0.7619048;0.7619048;0.23809522;Infinity;1.0;1.0;1.0;0.20782655;Infinity;0.41950116;-1.3167259;0.99875313;NaN;0.3923174;0.29890853;NaN;1.0;0.1814059;1.0;0.2719337;Infinity;1.0;Infinity;1.0;1.0
RespondedExistence(Release C,CRP);0.023809524;1.0;0.024826216;-Infinity;0.041951217;0.06476191;1.042701;0.9771655;1.0;Infinity;8.169435E-5;1.0;0.023809524;0.9590477;0.040952325;1.0437882;0.024826216;1.0;1.0;0.006319081;Infinity;4.94475E-5;1.0502536;0.962963;NaN;0.060325526;0.001436322;NaN;0.03227209;9.750556E-4;0.15756337;0.04181447;Infinity;0.024826216;Infinity;1.0;0.99999887
NotSuccession(Release C,CRP);0.9590476;1.0;1.0;-Infinity;1.0;1.0;1.0427011;0.08022767;1.0;Infinity;0.07855057;1.0;0.9590476;0.9590476;0.040952384;Infinity;1.0;1.0;1.0;0.04010507;Infinity;0.080227725;-0.17413364;0.9990089;NaN;0.06032569;0.057855207;NaN;1.0000001;0.03927529;1.0;0.04181458;Infinity;1.0;Infinity;1.0;1.0000001
RespondedExistence(Release C,ER Registration);0.023809524;1.0;0.023809524;NaN;0.0;0.023809524;1.0;0.97619045;1.0;NaN;-2.7939677E-8;NaN;0.023809524;1.0;0.0;1.0;0.023809524;NaN;NaN;0.0;NaN;0.0;1.0;0.962963;NaN;0.0;0.0;NaN;NaN;0.0;0.15430336;0.0;Infinity;0.023809524;NaN;1.0;NaN
NotSuccession(Release C,ER Registration);1.0;1.0;1.0;NaN;NaN;1.0;1.0;0.0;1.0;NaN;NaN;NaN;1.0;1.0;0.0;NaN;1.0;NaN;NaN;0.0;NaN;0.0;NaN;0.9990494;NaN;0.0;0.0;NaN;NaN;0.0;1.0;0.0;Infinity;1.0;NaN;1.0;NaN
RespondedExistence(Release C,ER Sepsis Triage);0.023809524;1.0;0.02383222;-Infinity;9.7560976E-4;0.024761906;1.0009533;0.97621316;1.0;Infinity;-1.766639E-8;1.0;0.023809524;0.99904764;9.52363E-4;1.0009766;0.02383222;1.0;1.0;1.469528E-4;Infinity;1.0813732E-6;1.0028453;0.962963;NaN;0.0013746901;3.2730717E-5;NaN;0.004821946;2.2675842E-5;0.15437688;9.5286255E-4;Infinity;0.02383222;Infinity;1.0;1.0000046
NotSuccession(Release C,ER Sepsis Triage);0.99904764;1.0;1.0;-Infinity;1.0;1.0;1.0009533;0.001903832;1.0;Infinity;0.00190293;1.0;0.99904764;0.99904764;9.52363E-4;Infinity;1.0;1.0;1.0;9.519094E-4;Infinity;0.0019039105;-0.0038149233;0.99904853;NaN;0.0013746901;0.0013733809;NaN;0.99999475;9.5146894E-4;1.0;9.5286255E-4;Infinity;1.0;Infinity;1.0;0.99999475
RespondedExistence(Release C,ER Triage);0.023809524;1.0;0.023809524;NaN;0.0;0.023809524;1.0;0.97619045;1.0;NaN;-2.7939677E-8;NaN;0.023809524;1.0;0.0;1.0;0.023809524;NaN;NaN;0.0;NaN;0.0;1.0;0.962963;NaN;0.0;0.0;NaN;NaN;0.0;0.15430336;0.0;Infinity;0.023809524;NaN;1.0;NaN
NotSuccession(Release C,ER Triage);1.0;1.0;1.0;NaN;NaN;1.0;1.0;0.0;1.0;NaN;NaN;NaN;1.0;1.0;0.0;NaN;1.0;NaN;NaN;0.0;NaN;0.0;NaN;0.9990494;NaN;0.0;0.0;NaN;NaN;0.0;1.0;0.0;Infinity;1.0;NaN;1.0;NaN
NotSuccession(Release C,IV Antibiotics);0.78761905;1.0;1.0;-Infinity;1.0;1.0;1.2696493;0.3796562;1.0;Infinity;0.33455056;1.0;0.78761905;0.78761905;0.21238095;Infinity;1.0;1.0;1.0;0.18848364;Infinity;0.37965614;-1.1410519;0.9987937;NaN;0.34443003;0.27127963;NaN;0.9999998;0.16727525;1.0;0.2387407;Infinity;1.0;Infinity;1.0;0.9999998
NotSuccession(Release C,IV Liquid);0.72190475;1.0;1.0;-Infinity;1.0;1.0;1.3852243;0.47885352;1.0;Infinity;0.40151656;1.0;0.72190475;0.72190475;0.27809525;Infinity;1.0;1.0;1.0;0.23628357;Infinity;0.4788536;-1.6002231;0.9986842;NaN;0.47011966;0.3393816;NaN;1.0;0.20075828;1.0;0.3258621;Infinity;1.0;Infinity;1.0;1.0
NotSuccession(Release C,LacticAcid);0.82095236;1.0;1.0;-Infinity;1.0;1.0;1.2180974;0.32603723;1.0;Infinity;0.29397914;1.0;0.82095236;0.82095236;0.17904764;Infinity;1.0;1.0;1.0;0.16222866;Infinity;0.32603717;-0.923591;0.9988426;NaN;0.28462955;0.2336673;NaN;1.0000001;0.14698958;1.0;0.19729017;Infinity;1.0;Infinity;1.0;1.0000002
RespondedExistence(Release C,Leucocytes);0.023809524;1.0;0.024703557;-Infinity;0.037073173;0.060000002;1.0375494;0.97705215;1.0;Infinity;6.388084E-5;1.0;0.023809524;0.96380955;0.03619045;1.0385004;0.024703557;1.0;1.0;0.005584308;Infinity;4.3372285E-5;1.0476178;0.962963;NaN;0.053179994;0.0012661904;NaN;0.030262845;8.616783E-4;0.15717365;0.036861565;Infinity;0.024703557;Infinity;1.0;1.0000002
NotSuccession(Release C,Leucocytes);0.96380955;1.0;1.0;-Infinity;1.0;1.0;1.0375494;0.07107115;1.0;Infinity;0.069761425;1.0;0.96380955;0.96380955;0.03619045;Infinity;1.0;1.0;1.0;0.035529543;Infinity;0.07107115;-0.15280196;0.9990138;NaN;0.053179994;0.051255386;NaN;0.99999917;0.034880698;1.0;0.036861565;Infinity;1.0;Infinity;1.0;0.99999917
NotSuccession(Release C,Release A);0.6628571;1.0;1.0;-Infinity;1.0;1.0;1.5086207;0.5606204;1.0;Infinity;0.4469551;1.0;0.6628571;0.6628571;0.33714288;Infinity;1.0;1.0;1.0;0.2744884;Infinity;0.5606204;-2.0273957;0.99856734;NaN;0.5932302;0.39322683;NaN;1.0000001;0.22347757;1.0;0.4111958;Infinity;1.0;Infinity;1.0;1.0000001
NotCoExistence(Release C,Release A);0.6628571;1.0;1.0;-Infinity;1.0;1.0;1.5086207;0.5606204;1.0;Infinity;0.4469551;1.0;0.6628571;0.6628571;0.33714288;Infinity;1.0;1.0;1.0;0.2744884;Infinity;0.5606204;-2.0273957;0.99856734;NaN;0.5932302;0.39322683;NaN;1.0000001;0.22347757;1.0;0.4111958;Infinity;1.0;Infinity;1.0;1.0000001
NotSuccession(Release C,Release B);0.07714286;1.0;1.0;-Infinity;1.0;1.0;12.962963;0.99404895;1.0;Infinity;0.14238365;1.0;0.07714286;0.07714286;0.92285717;Infinity;1.0;1.0;1.0;0.2563199;Infinity;0.994049;-2.3181672;0.9879518;NaN;3.6963236;0.28514495;NaN;1.0;0.07119184;1.0;2.5620964;Infinity;1.0;Infinity;1.0;1.0
NotCoExistence(Release C,Release B);0.07714286;1.0;1.0;-Infinity;1.0;1.0;12.962963;0.99404895;1.0;Infinity;0.14238365;1.0;0.07714286;0.07714286;0.92285717;Infinity;1.0;1.0;1.0;0.2563199;Infinity;0.994049;-2.3181672;0.9879518;NaN;3.6963236;0.28514495;NaN;1.0;0.07119184;1.0;2.5620964;Infinity;1.0;Infinity;1.0;1.0
NotSuccession(Release C,Release D);0.046666667;1.0;1.0;-Infinity;1.0;1.0;21.428572;0.9978222;1.0;Infinity;0.08897779;1.0;0.046666667;0.046666667;0.9533333;Infinity;1.0;1.0;1.0;0.20594354;Infinity;0.9978223;-2.1905553;0.98039216;NaN;4.421464;0.20633498;NaN;1.0;0.04448889;1.0;3.0647252;Infinity;1.0;Infinity;1.0;1.0
NotCoExistence(Release C,Release D);0.046666667;1.0;1.0;-Infinity;1.0;1.0;21.428572;0.9978222;1.0;Infinity;0.08897779;1.0;0.046666667;0.046666667;0.9533333;Infinity;1.0;1.0;1.0;0.20594354;Infinity;0.9978223;-2.1905553;0.98039216;NaN;4.421464;0.20633498;NaN;1.0;0.04448889;1.0;3.0647252;Infinity;1.0;Infinity;1.0;1.0
NotSuccession(Release C,Release E);0.02952381;1.0;1.0;-Infinity;1.0;1.0;33.870968;0.99912834;1.0;Infinity;0.05730429;1.0;0.02952381;0.02952381;0.9704762;Infinity;1.0;1.0;1.0;0.16675201;Infinity;0.9991284;-2.119726;0.969697;NaN;5.0819774;0.15003933;NaN;1.0;0.028652156;1.0;3.5225582;Infinity;1.0;Infinity;1.0;1.0
NotCoExistence(Release C,Release E);0.02952381;1.0;1.0;-Infinity;1.0;1.0;33.870968;0.99912834;1.0;Infinity;0.05730429;1.0;0.02952381;0.02952381;0.9704762;Infinity;1.0;1.0;1.0;0.16675201;Infinity;0.9991284;-2.119726;0.969697;NaN;5.0819774;0.15003933;NaN;1.0;0.028652156;1.0;3.5225582;Infinity;1.0;Infinity;1.0;1.0
NotSuccession(Release D,Admission IC);0.122857146;1.0;1.0;-Infinity;1.0;1.0;8.139535;0.98490614;1.0;Infinity;0.21552654;1.0;0.122857146;0.122857146;0.87714285;Infinity;1.0;1.0;1.0;0.3074472;Infinity;0.9849062;-2.5109994;0.99236643;NaN;3.0249465;0.37163627;NaN;1.0;0.10776327;1.0;2.096733;Infinity;1.0;Infinity;1.0;1.0
RespondedExistence(Release D,Admission NC);0.022857143;1.0;0.03;-Infinity;0.24366471;0.26095238;1.3124999;0.982585;1.0;Infinity;0.0026521687;1.0;0.022857143;0.7619048;0.23809522;1.3221649;0.03;1.0;1.0;0.035996616;Infinity;3.7755084E-4;1.0897058;0.96153843;NaN;0.3923173;0.008967252;NaN;0.085498184;0.005442176;0.17320508;0.27193362;Infinity;0.03;Infinity;1.0;0.9999998
NotSuccession(Release D,Admission NC);0.7619048;1.0;1.0;-Infinity;1.0;1.0;1.3125;0.41950113;1.0;Infinity;0.36281177;1.0;0.7619048;0.7619048;0.23809522;Infinity;1.0;1.0;1.0;0.20782655;Infinity;0.41950116;-1.3167259;0.99875313;NaN;0.3923174;0.29890853;NaN;1.0;0.1814059;1.0;0.2719337;Infinity;1.0;Infinity;1.0;1.0
RespondedExistence(Release D,CRP);0.022857143;1.0;0.023833167;-Infinity;0.04191033;0.06380952;1.042701;0.9780789;1.0;Infinity;7.8444005E-5;1.0;0.022857143;0.9590476;0.040952384;1.0437436;0.023833167;1.0;1.0;0.0061914185;Infinity;4.5570814E-5;1.0488565;0.96153843;NaN;0.060325526;0.0013788692;NaN;0.03160466;9.360537E-4;0.15437995;0.04181447;Infinity;0.023833167;Infinity;1.0;0.9999992
NotSuccession(Release D,CRP);0.9590476;1.0;1.0;-Infinity;1.0;1.0;1.0427011;0.08022767;1.0;Infinity;0.07855057;1.0;0.9590476;0.9590476;0.040952384;Infinity;1.0;1.0;1.0;0.04010507;Infinity;0.080227725;-0.17413364;0.9990089;NaN;0.06032569;0.057855207;NaN;1.0000001;0.03927529;1.0;0.04181458;Infinity;1.0;Infinity;1.0;1.0000001
RespondedExistence(Release D,ER Registration);0.022857143;1.0;0.022857143;NaN;0.0;0.022857143;1.0;0.9771429;1.0;NaN;1.3038516E-8;NaN;0.022857143;1.0;0.0;1.0;0.022857143;NaN;NaN;0.0;NaN;0.0;1.0;0.96153843;NaN;0.0;0.0;NaN;NaN;0.0;0.1511858;0.0;Infinity;0.022857143;NaN;1.0;NaN
NotSuccession(Release D,ER Registration);1.0;1.0;1.0;NaN;NaN;1.0;1.0;0.0;1.0;NaN;NaN;NaN;1.0;1.0;0.0;NaN;1.0;NaN;NaN;0.0;NaN;0.0;NaN;0.9990494;NaN;0.0;0.0;NaN;NaN;0.0;1.0;0.0;Infinity;1.0;NaN;1.0;NaN
RespondedExistence(Release D,ER Sepsis Triage);0.022857143;1.0;0.022878934;-Infinity;9.746589E-4;0.023809524;1.0009533;0.9771646;1.0;Infinity;8.647085E-8;1.0;0.022857143;0.9990476;9.524226E-4;1.0009756;0.022878934;1.0;1.0;1.4399276E-4;Infinity;9.965935E-7;1.0028368;0.96153843;NaN;0.0013746901;3.142149E-5;NaN;0.004722204;2.1768734E-5;0.15125783;9.5286255E-4;Infinity;0.022878934;Infinity;1.0;1.0000013
NotSuccession(Release D,ER Sepsis Triage);0.99904764;1.0;1.0;-Infinity;1.0;1.0;1.0009533;0.001903832;1.0;Infinity;0.00190293;1.0;0.99904764;0.99904764;9.52363E-4;Infinity;1.0;1.0;1.0;9.519094E-4;Infinity;0.0019039105;-0.0038149233;0.99904853;NaN;0.0013746901;0.0013733809;NaN;0.99999475;9.5146894E-4;1.0;9.5286255E-4;Infinity;1.0;Infinity;1.0;0.99999475
RespondedExistence(Release D,ER Triage);0.022857143;1.0;0.022857143;NaN;0.0;0.022857143;1.0;0.9771429;1.0;NaN;1.3038516E-8;NaN;0.022857143;1.0;0.0;1.0;0.022857143;NaN;NaN;0.0;NaN;0.0;1.0;0.96153843;NaN;0.0;0.0;NaN;NaN;0.0;0.1511858;0.0;Infinity;0.022857143;NaN;1.0;NaN
NotSuccession(Release D,ER Triage);1.0;1.0;1.0;NaN;NaN;1.0;1.0;0.0;1.0;NaN;NaN;NaN;1.0;1.0;0.0;NaN;1.0;NaN;NaN;0.0;NaN;0.0;NaN;0.9990494;NaN;0.0;0.0;NaN;NaN;0.0;1.0;0.0;Infinity;1.0;NaN;1.0;NaN
NotSuccession(Release D,IV Antibiotics);0.7866667;1.0;1.0;-Infinity;1.0;1.0;1.2711864;0.3811555;1.0;Infinity;0.33564442;1.0;0.7866667;0.7866667;0.21333331;Infinity;1.0;1.0;1.0;0.18921433;Infinity;0.38115543;-1.147444;0.9987923;NaN;0.34617555;0.27232477;NaN;0.9999997;0.16782218;1.0;0.2399506;Infinity;1.0;Infinity;1.0;0.99999976
NotSuccession(Release D,IV Liquid);0.72190475;1.0;1.0;-Infinity;1.0;1.0;1.3852243;0.47885352;1.0;Infinity;0.40151656;1.0;0.72190475;0.72190475;0.27809525;Infinity;1.0;1.0;1.0;0.23628357;Infinity;0.4788536;-1.6002231;0.9986842;NaN;0.47011966;0.3393816;NaN;1.0;0.20075828;1.0;0.3258621;Infinity;1.0;Infinity;1.0;1.0
NotSuccession(Release D,LacticAcid);0.82095236;1.0;1.0;-Infinity;1.0;1.0;1.2180974;0.32603723;1.0;Infinity;0.29397914;1.0;0.82095236;0.82095236;0.17904764;Infinity;1.0;1.0;1.0;0.16222866;Infinity;0.32603717;-0.923591;0.9988426;NaN;0.28462955;0.2336673;NaN;1.0000001;0.14698958;1.0;0.19729017;Infinity;1.0;Infinity;1.0;1.0000002
RespondedExistence(Release D,Leucocytes);0.022857143;1.0;0.023715416;-Infinity;0.037037037;0.059047617;1.0375495;0.97797006;1.0;Infinity;6.133795E-5;1.0;0.022857143;0.9638095;0.03619051;1.0384616;0.023715416;1.0;1.0;0.005471491;Infinity;3.9972027E-5;1.0463525;0.96153843;NaN;0.053180162;0.0012155465;NaN;0.029636985;8.272119E-4;0.1539981;0.03686168;Infinity;0.023715416;Infinity;1.0;1.0000012
NotSuccession(Release D,Leucocytes);0.96380955;1.0;1.0;-Infinity;1.0;1.0;1.0375494;0.07107115;1.0;Infinity;0.069761425;1.0;0.96380955;0.96380955;0.03619045;Infinity;1.0;1.0;1.0;0.035529543;Infinity;0.07107115;-0.15280196;0.9990138;NaN;0.053179994;0.051255386;NaN;0.99999917;0.034880698;1.0;0.036861565;Infinity;1.0;Infinity;1.0;0.99999917
NotSuccession(Release D,Release A);0.66190475;1.0;1.0;-Infinity;1.0;1.0;1.5107914;0.56188214;1.0;Infinity;0.4475737;1.0;0.66190475;0.66190475;0.33809525;Infinity;1.0;1.0;1.0;0.27506593;Infinity;0.56188214;-2.034234;0.99856526;NaN;0.5953045;0.39403486;NaN;1.0000001;0.22378686;1.0;0.41263363;Infinity;1.0;Infinity;1.0;1.0000001
NotCoExistence(Release D,Release A);0.66190475;1.0;1.0;-Infinity;1.0;1.0;1.5107914;0.56188214;1.0;Infinity;0.4475737;1.0;0.66190475;0.66190475;0.33809525;Infinity;1.0;1.0;1.0;0.27506593;Infinity;0.56188214;-2.034234;0.99856526;NaN;0.5953045;0.39403486;NaN;1.0000001;0.22378686;1.0;0.41263363;Infinity;1.0;Infinity;1.0;1.0000001
NotSuccession(Release D,Release B);0.07619048;1.0;1.0;-Infinity;1.0;1.0;13.125;0.994195;1.0;Infinity;0.14077097;1.0;0.07619048;0.07619048;0.9238095;Infinity;1.0;1.0;1.0;0.25499567;Infinity;0.9941951;-2.3141549;0.9878049;NaN;3.7142456;0.28299016;NaN;1.0;0.07038549;1.0;2.574519;Infinity;1.0;Infinity;1.0;1.0
NotCoExistence(Release D,Release B);0.07619048;1.0;1.0;-Infinity;1.0;1.0;13.125;0.994195;1.0;Infinity;0.14077097;1.0;0.07619048;0.07619048;0.9238095;Infinity;1.0;1.0;1.0;0.25499567;Infinity;0.9941951;-2.3141549;0.9878049;NaN;3.7142456;0.28299016;NaN;1.0;0.07038549;1.0;2.574519;Infinity;1.0;Infinity;1.0;1.0
NotSuccession(Release D,Release C);0.046666667;1.0;1.0;-Infinity;1.0;1.0;21.428572;0.9978222;1.0;Infinity;0.08897779;1.0;0.046666667;0.046666667;0.9533333;Infinity;1.0;1.0;1.0;0.20594354;Infinity;0.9978223;-2.1905553;0.98039216;NaN;4.421464;0.20633498;NaN;1.0;0.04448889;1.0;3.0647252;Infinity;1.0;Infinity;1.0;1.0
NotCoExistence(Release D,Release C);0.046666667;1.0;1.0;-Infinity;1.0;1.0;21.428572;0.9978222;1.0;Infinity;0.08897779;1.0;0.046666667;0.046666667;0.9533333;Infinity;1.0;1.0;1.0;0.20594354;Infinity;0.9978223;-2.1905553;0.98039216;NaN;4.421464;0.20633498;NaN;1.0;0.04448889;1.0;3.0647252;Infinity;1.0;Infinity;1.0;1.0
NotSuccession(Release D,Release E);0.028571429;1.0;1.0;-Infinity;1.0;1.0;35.0;0.99918365;1.0;Infinity;0.055510204;1.0;0.028571429;0.028571429;0.9714286;Infinity;1.0;1.0;1.0;0.1642014;Infinity;0.9991837;-2.1158154;0.96875;NaN;5.129283;0.14655094;NaN;1.0;0.027755102;1.0;3.5553482;Infinity;1.0;Infinity;1.0;1.0
NotCoExistence(Release D,Release E);0.028571429;1.0;1.0;-Infinity;1.0;1.0;35.0;0.99918365;1.0;Infinity;0.055510204;1.0;0.028571429;0.028571429;0.9714286;Infinity;1.0;1.0;1.0;0.1642014;Infinity;0.9991837;-2.1158154;0.96875;NaN;5.129283;0.14655094;NaN;1.0;0.027755102;1.0;3.5553482;Infinity;1.0;Infinity;1.0;1.0
NotSuccession(Release E,Admission IC);0.108571425;1.0;1.0;-Infinity;1.0;1.0;9.210526;0.9882122;1.0;Infinity;0.19356734;1.0;0.108571425;0.108571425;0.8914286;Infinity;1.0;1.0;1.0;0.2937273;Infinity;0.9882122;-2.4508233;0.9913793;NaN;3.2032835;0.34778506;NaN;0.99999994;0.09678367;1.0;2.220347;Infinity;1.0;Infinity;1.0;0.99999994
RespondedExistence(Release E,Admission NC);0.0057142857;1.0;0.0075;-Infinity;0.23946361;0.24380952;1.3124999;0.99564624;1.0;Infinity;6.5162854E-4;1.0;0.0057142857;0.7619048;0.23809522;1.3148614;0.0075;1.0;1.0;0.017998308;Infinity;2.3596927E-5;1.0224723;0.875;NaN;0.3923173;0.002241813;NaN;0.04237896;0.001360544;0.08660254;0.27193362;Infinity;0.0075;Infinity;1.0;0.9999998
NotSuccession(Release E,Admission NC);0.7619048;1.0;1.0;-Infinity;1.0;1.0;1.3125;0.41950113;1.0;Infinity;0.36281177;1.0;0.7619048;0.7619048;0.23809522;Infinity;1.0;1.0;1.0;0.20782655;Infinity;0.41950116;-1.3167259;0.99875313;NaN;0.3923174;0.29890853;NaN;1.0;0.1814059;1.0;0.2719337;Infinity;1.0;Infinity;1.0;1.0
RespondedExistence(Release E,CRP);0.0057142857;1.0;0.0059582917;-Infinity;0.04118774;0.046666667;1.042701;0.9945197;1.0;Infinity;1.9227853E-5;1.0;0.0057142857;0.9590476;0.040952384;1.0429571;0.0059582917;1.0;1.0;0.0030957093;Infinity;2.8481759E-6;1.0159746;0.875;NaN;0.060325526;3.447173E-4;NaN;0.015665509;2.3401342E-4;0.077189974;0.04181447;Infinity;0.0059582917;Infinity;1.0;0.9999992
NotSuccession(Release E,CRP);0.9590476;1.0;1.0;-Infinity;1.0;1.0;1.0427011;0.08022767;1.0;Infinity;0.07855057;1.0;0.9590476;0.9590476;0.040952384;Infinity;1.0;1.0;1.0;0.04010507;Infinity;0.080227725;-0.17413364;0.9990089;NaN;0.06032569;0.057855207;NaN;1.0000001;0.03927529;1.0;0.04181458;Infinity;1.0;Infinity;1.0;1.0000001
RespondedExistence(Release E,ER Registration);0.0057142857;1.0;0.0057142857;NaN;0.0;0.0057142857;1.0;0.9942857;1.0;NaN;-1.1641532E-8;NaN;0.0057142857;1.0;0.0;1.0;0.0057142857;NaN;NaN;0.0;NaN;0.0;1.0;0.875;NaN;0.0;0.0;NaN;NaN;0.0;0.0755929;0.0;Infinity;0.0057142857;NaN;1.0;NaN
NotSuccession(Release E,ER Registration);1.0;1.0;1.0;NaN;NaN;1.0;1.0;0.0;1.0;NaN;NaN;NaN;1.0;1.0;0.0;NaN;1.0;NaN;NaN;0.0;NaN;0.0;NaN;0.9990494;NaN;0.0;0.0;NaN;NaN;0.0;1.0;0.0;Infinity;1.0;NaN;1.0;NaN
RespondedExistence(Release E,ER Sepsis Triage);0.0057142857;1.0;0.005719733;-Infinity;9.578544E-4;0.006666667;1.0009533;0.9942912;1.0;Infinity;-2.1610267E-8;1.0;0.0057142857;0.99904764;9.52363E-4;1.0009588;0.005719733;1.0;1.0;7.1991875E-5;Infinity;6.228709E-8;1.0024741;0.875;NaN;0.0013746901;7.855372E-6;NaN;0.002340659;5.4421835E-6;0.075628914;9.5286255E-4;Infinity;0.005719733;Infinity;1.0;1.0000013
NotSuccession(Release E,ER Sepsis Triage);0.99904764;1.0;1.0;-Infinity;1.0;1.0;1.0009533;0.001903832;1.0;Infinity;0.00190293;1.0;0.99904764;0.99904764;9.52363E-4;Infinity;1.0;1.0;1.0;9.519094E-4;Infinity;0.0019039105;-0.0038149233;0.99904853;NaN;0.0013746901;0.0013733809;NaN;0.99999475;9.5146894E-4;1.0;9.5286255E-4;Infinity;1.0;Infinity;1.0;0.99999475
RespondedExistence(Release E,ER Triage);0.0057142857;1.0;0.0057142857;NaN;0.0;0.0057142857;1.0;0.9942857;1.0;NaN;-1.1641532E-8;NaN;0.0057142857;1.0;0.0;1.0;0.0057142857;NaN;NaN;0.0;NaN;0.0;1.0;0.875;NaN;0.0;0.0;NaN;NaN;0.0;0.0755929;0.0;Infinity;0.0057142857;NaN;1.0;NaN
NotSuccession(Release E,ER Triage);1.0;1.0;1.0;NaN;NaN;1.0;1.0;0.0;1.0;NaN;NaN;NaN;1.0;1.0;0.0;NaN;1.0;NaN;NaN;0.0;NaN;0.0;NaN;0.9990494;NaN;0.0;0.0;NaN;NaN;0.0;1.0;0.0;Infinity;1.0;NaN;1.0;NaN
NotSuccession(Release E,IV Antibiotics);0.7866667;1.0;1.0;-Infinity;1.0;1.0;1.2711864;0.3811555;1.0;Infinity;0.33564442;1.0;0.7866667;0.7866667;0.21333331;Infinity;1.0;1.0;1.0;0.18921433;Infinity;0.38115543;-1.147444;0.9987923;NaN;0.34617555;0.27232477;NaN;0.9999997;0.16782218;1.0;0.2399506;Infinity;1.0;Infinity;1.0;0.99999976
NotSuccession(Release E,IV Liquid);0.72;1.0;1.0;-Infinity;1.0;1.0;1.388889;0.4816;1.0;Infinity;0.4032;1.0;0.72;0.72;0.27999997;Infinity;1.0;1.0;1.0;0.23758785;Infinity;0.48160014;-1.6139408;0.9986807;NaN;0.47393125;0.3412305;NaN;1.0000001;0.20160002;1.0;0.32850412;Infinity;1.0;Infinity;1.0;1.0
NotSuccession(Release E,LacticAcid);0.82095236;1.0;1.0;-Infinity;1.0;1.0;1.2180974;0.32603723;1.0;Infinity;0.29397914;1.0;0.82095236;0.82095236;0.17904764;Infinity;1.0;1.0;1.0;0.16222866;Infinity;0.32603717;-0.923591;0.9988426;NaN;0.28462955;0.2336673;NaN;1.0000001;0.14698958;1.0;0.19729017;Infinity;1.0;Infinity;1.0;1.0000002
RespondedExistence(Release E,Leucocytes);0.0057142857;1.0;0.0059288535;-Infinity;0.036398467;0.041904762;1.0375494;0.99449253;1.0;Infinity;1.498791E-5;1.0;0.0057142857;0.96380955;0.03619045;1.0377734;0.0059288535;1.0;1.0;0.002735741;Infinity;2.4982435E-6;1.0156401;0.875;NaN;0.053179994;3.038857E-4;NaN;0.014690158;2.068025E-4;0.076999046;0.036861565;Infinity;0.0059288535;Infinity;1.0;0.9999989
NotSuccession(Release E,Leucocytes);0.96380955;1.0;1.0;-Infinity;1.0;1.0;1.0375494;0.07107115;1.0;Infinity;0.069761425;1.0;0.96380955;0.96380955;0.03619045;Infinity;1.0;1.0;1.0;0.035529543;Infinity;0.07107115;-0.15280196;0.9990138;NaN;0.053179994;0.051255386;NaN;0.99999917;0.034880698;1.0;0.036861565;Infinity;1.0;Infinity;1.0;0.99999917
NotSuccession(Release E,Release A);0.6447619;1.0;1.0;-Infinity;1.0;1.0;1.5509601;0.58428204;1.0;Infinity;0.45808798;1.0;0.6447619;0.6447619;0.35523808;Infinity;1.0;1.0;1.0;0.28524578;Infinity;0.58428204;-2.1563718;0.9985272;NaN;0.63316154;0.40823844;NaN;0.99999994;0.22904399;1.0;0.43887413;Infinity;1.0;Infinity;1.0;0.99999994
NotCoExistence(Release E,Release A);0.6447619;1.0;1.0;-Infinity;1.0;1.0;1.5509601;0.58428204;1.0;Infinity;0.45808798;1.0;0.6447619;0.6447619;0.35523808;Infinity;1.0;1.0;1.0;0.28524578;Infinity;0.58428204;-2.1563718;0.9985272;NaN;0.63316154;0.40823844;NaN;0.99999994;0.22904399;1.0;0.43887413;Infinity;1.0;Infinity;1.0;0.99999994
NotSuccession(Release E,Release B);0.05904762;1.0;1.0;-Infinity;1.0;1.0;16.935484;0.99651337;1.0;Infinity;0.11112201;1.0;0.05904762;0.05904762;0.94095236;Infinity;1.0;1.0;1.0;0.22864875;Infinity;0.9965134;-2.242182;0.984375;NaN;4.0819774;0.24103105;NaN;1.0;0.055561;1.0;2.829411;Infinity;1.0;Infinity;1.0;1.0
NotCoExistence(Release E,Release B);0.05904762;1.0;1.0;-Infinity;1.0;1.0;16.935484;0.99651337;1.0;Infinity;0.11112201;1.0;0.05904762;0.05904762;0.94095236;Infinity;1.0;1.0;1.0;0.22864875;Infinity;0.9965134;-2.242182;0.984375;NaN;4.0819774;0.24103105;NaN;1.0;0.055561;1.0;2.829411;Infinity;1.0;Infinity;1.0;1.0
NotSuccession(Release E,Release C);0.02952381;1.0;1.0;-Infinity;1.0;1.0;33.870968;0.99912834;1.0;Infinity;0.05730429;1.0;0.02952381;0.02952381;0.9704762;Infinity;1.0;1.0;1.0;0.16675201;Infinity;0.9991284;-2.119726;0.969697;NaN;5.0819774;0.15003933;NaN;1.0;0.028652156;1.0;3.5225582;Infinity;1.0;Infinity;1.0;1.0
NotCoExistence(Release E,Release C);0.02952381;1.0;1.0;-Infinity;1.0;1.0;33.870968;0.99912834;1.0;Infinity;0.05730429;1.0;0.02952381;0.02952381;0.9704762;Infinity;1.0;1.0;1.0;0.16675201;Infinity;0.9991284;-2.119726;0.969697;NaN;5.0819774;0.15003933;NaN;1.0;0.028652156;1.0;3.5225582;Infinity;1.0;Infinity;1.0;1.0
NotSuccession(Release E,Release D);0.028571429;1.0;1.0;-Infinity;1.0;1.0;35.0;0.99918365;1.0;Infinity;0.055510204;1.0;0.028571429;0.028571429;0.9714286;Infinity;1.0;1.0;1.0;0.1642014;Infinity;0.9991837;-2.1158154;0.96875;NaN;5.129283;0.14655094;NaN;1.0;0.027755102;1.0;3.5553482;Infinity;1.0;Infinity;1.0;1.0
NotCoExistence(Release E,Release D);0.028571429;1.0;1.0;-Infinity;1.0;1.0;35.0;0.99918365;1.0;Infinity;0.055510204;1.0;0.028571429;0.028571429;0.9714286;Infinity;1.0;1.0;1.0;0.1642014;Infinity;0.9991837;-2.1158154;0.96875;NaN;5.129283;0.14655094;NaN;1.0;0.027755102;1.0;3.5553482;Infinity;1.0;Infinity;1.0;1.0
NotSuccession(Return ER,Admission IC);0.34;1.0;1.0;-Infinity;1.0;1.0;2.9411764;0.8844;1.0;Infinity;0.4488;1.0;0.34;0.34;0.65999997;Infinity;1.0;1.0;1.0;0.3848428;Infinity;0.8844;-3.208998;0.9972145;NaN;1.5563933;0.52917373;NaN;0.99999994;0.2244;1.0;1.0788096;Infinity;1.0;Infinity;1.0;0.99999994
RespondedExistence(Return ER,Admission NC);0.28;1.0;0.3675;-Infinity;0.33068782;0.51809525;1.3125;0.78666663;1.0;Infinity;0.04409171;1.0;0.28;0.7619048;0.23809522;1.4940711;0.36749998;1.0;1.0;0.12598816;Infinity;0.05665625;2.5082588;0.9966216;NaN;0.3923174;0.10984888;NaN;0.34860831;0.06666666;0.6062178;0.2719337;Infinity;0.3675;Infinity;1.0;0.9999999
NotSuccession(Return ER,Admission NC);0.7619048;1.0;1.0;-Infinity;1.0;1.0;1.3125;0.41950113;1.0;Infinity;0.36281177;1.0;0.7619048;0.7619048;0.23809522;Infinity;1.0;1.0;1.0;0.20782655;Infinity;0.41950116;-1.3167259;0.99875313;NaN;0.3923174;0.29890853;NaN;1.0;0.1814059;1.0;0.2719337;Infinity;1.0;Infinity;1.0;1.0
RespondedExistence(Return ER,ER Registration);0.28;1.0;0.28;NaN;0.0;0.28;1.0;0.72;1.0;NaN;2.9802322E-8;NaN;0.28;1.0;0.0;1.0;0.28;NaN;NaN;0.0;NaN;0.0;1.0;0.9966216;NaN;0.0;0.0;NaN;NaN;0.0;0.52915025;0.0;Infinity;0.28;NaN;1.0;NaN
NotSuccession(Return ER,ER Registration);1.0;1.0;1.0;NaN;NaN;1.0;1.0;0.0;1.0;NaN;NaN;NaN;1.0;1.0;0.0;NaN;1.0;NaN;NaN;0.0;NaN;0.0;NaN;0.9990494;NaN;0.0;0.0;NaN;NaN;0.0;1.0;0.0;Infinity;1.0;NaN;1.0;NaN
NotSuccession(Return ER,ER Sepsis Triage);1.0;1.0;1.0;NaN;NaN;1.0;1.0;0.0;1.0;NaN;NaN;NaN;1.0;1.0;0.0;NaN;1.0;NaN;NaN;0.0;NaN;0.0;NaN;0.9990494;NaN;0.0;0.0;NaN;NaN;0.0;1.0;0.0;Infinity;1.0;NaN;1.0;NaN
RespondedExistence(Return ER,ER Triage);0.28;1.0;0.28;NaN;0.0;0.28;1.0;0.72;1.0;NaN;2.9802322E-8;NaN;0.28;1.0;0.0;1.0;0.28;NaN;NaN;0.0;NaN;0.0;1.0;0.9966216;NaN;0.0;0.0;NaN;NaN;0.0;0.52915025;0.0;Infinity;0.28;NaN;1.0;NaN
NotSuccession(Return ER,ER Triage);1.0;1.0;1.0;NaN;NaN;1.0;1.0;0.0;1.0;NaN;NaN;NaN;1.0;1.0;0.0;NaN;1.0;NaN;NaN;0.0;NaN;0.0;NaN;0.9990494;NaN;0.0;0.0;NaN;NaN;0.0;1.0;0.0;Infinity;1.0;NaN;1.0;NaN
NotSuccession(Return ER,IV Antibiotics);0.81333333;1.0;1.0;-Infinity;1.0;1.0;1.2295082;0.33848888;1.0;Infinity;0.30364445;1.0;0.81333333;0.81333333;0.18666667;Infinity;1.0;1.0;1.0;0.16834533;Infinity;0.33848882;-0.97217244;0.99883175;NaN;0.2980813;0.24243946;NaN;0.9999999;0.15182221;1.0;0.20661423;Infinity;1.0;Infinity;1.0;0.9999999
NotSuccession(Return ER,IV Liquid);0.7657143;1.0;1.0;-Infinity;1.0;1.0;1.3059702;0.41368163;1.0;Infinity;0.35879183;1.0;0.7657143;0.7657143;0.23428571;Infinity;1.0;1.0;1.0;0.20501195;Infinity;0.4136817;-1.2903192;0.9987593;NaN;0.38512197;0.29489338;NaN;1.0;0.17939591;1.0;0.2669462;Infinity;1.0;Infinity;1.0;1.0
NotSuccession(Return ER,Release A);0.6552381;1.0;1.0;-Infinity;1.0;1.0;1.5261627;0.57066303;1.0;Infinity;0.45180228;1.0;0.6552381;0.6552381;0.3447619;Infinity;1.0;1.0;1.0;0.27907366;Infinity;0.570663;-2.0819607;0.9985507;NaN;0.6099088;0.3996355;NaN;0.99999994;0.22590113;1.0;0.42275658;Infinity;1.0;Infinity;1.0;0.99999994
NotSuccession(Return ER,Release B);0.33333334;1.0;1.0;-Infinity;1.0;1.0;2.9999998;0.8888889;1.0;Infinity;0.44444445;1.0;0.33333334;0.33333334;0.6666666;Infinity;1.0;1.0;1.0;0.38490015;Infinity;0.8888888;-3.1999993;0.99715906;NaN;1.5849624;0.5283208;NaN;0.99999994;0.22222222;1.0;1.0986122;Infinity;1.0;Infinity;1.0;0.99999994
NotCoExistence(Return ER,Release B);0.33333334;1.0;1.0;-Infinity;1.0;1.0;2.9999998;0.8888889;1.0;Infinity;0.44444445;1.0;0.33333334;0.33333334;0.6666666;Infinity;1.0;1.0;1.0;0.38490015;Infinity;0.8888888;-3.1999993;0.99715906;NaN;1.5849624;0.5283208;NaN;0.99999994;0.22222222;1.0;1.0986122;Infinity;1.0;Infinity;1.0;0.99999994
NotSuccession(Return ER,Release C);0.29809523;1.0;1.0;-Infinity;1.0;1.0;3.3546326;0.91113925;1.0;Infinity;0.41846892;1.0;0.29809523;0.29809523;0.7019048;Infinity;1.0;1.0;1.0;0.38322666;Infinity;0.9111392;-3.1335878;0.9968254;NaN;1.7461548;0.5205204;NaN;1.0;0.20923446;1.0;1.2103423;Infinity;1.0;Infinity;1.0;1.0
NotSuccession(Return ER,Release D);0.29333332;1.0;1.0;-Infinity;1.0;1.0;3.409091;0.91395557;1.0;Infinity;0.41457778;1.0;0.29333332;0.29333332;0.7066667;Infinity;1.0;1.0;1.0;0.38273248;Infinity;0.9139555;-3.1223814;0.9967742;NaN;1.7693871;0.5190202;NaN;1.0000001;0.20728889;1.0;1.2264457;Infinity;1.0;Infinity;1.0;1.0000001
NotSuccession(Return ER,Release E);0.2847619;1.0;1.0;-Infinity;1.0;1.0;3.5117059;0.9189107;1.0;Infinity;0.40734512;1.0;0.2847619;0.2847619;0.7152381;Infinity;1.0;1.0;1.0;0.38167313;Infinity;0.91891074;-3.1009982;0.99667776;NaN;1.812172;0.5160376;NaN;1.0;0.20367256;1.0;1.256102;Infinity;1.0;Infinity;1.0;1.0
MODEL;1.0;1.0;1.0;NaN;NaN;1.0;1.0;0.0;1.0;NaN;NaN;NaN;1.0;1.0;0.0;NaN;1.0;NaN;NaN;0.0;NaN;0.0;NaN;0.9990494;NaN;0.0;0.0;NaN;NaN;0.0;1.0;0.0;Infinity;1.0;NaN;1.0;NaN
