{"name":"Process model discovered from SEPSIS.xes",
	"tasks":["CRP","Release B","Leucocytes","Release A","ER Registration","IV Liquid","Release D","Release C","Release E","Admission IC","Return ER","Admission NC","ER Sepsis Triage","LacticAcid","ER Triage","IV Antibiotics"],
	"constraints":[
	{"template":"Precedence","parameters":[["Leucocytes"],["Release C"]],"support":0.023809523809523808,"confidence":1.0,"interestFactor":1.0},
	{"template":"RespondedExistence","parameters":[["Release C"],["Admission NC"]],"support":0.023809523809523808,"confidence":1.0,"interestFactor":1.0},
	{"template":"AlternatePrecedence","parameters":[["Leucocytes"],["Release C"]],"support":0.023809523809523808,"confidence":1.0,"interestFactor":1.0},
	{"template":"Precedence","parameters":[["Admission NC"],["Release C"]],"support":0.023809523809523808,"confidence":1.0,"interestFactor":1.0},
	{"template":"AlternatePrecedence","parameters":[["ER Sepsis Triage"],["Release C"]],"support":0.023809523809523808,"confidence":1.0,"interestFactor":1.0},
	{"template":"AlternatePrecedence","parameters":[["CRP"],["Release C"]],"support":0.023809523809523808,"confidence":1.0,"interestFactor":1.0},
	{"template":"RespondedExistence","parameters":[["Release C"],["ER Registration"]],"support":0.023809523809523808,"confidence":1.0,"interestFactor":1.0},
	{"template":"NotSuccession","parameters":[["Release D"],["Release E"]],"support":0.02857142857142857,"confidence":1.0,"interestFactor":1.0},
	{"template":"NotCoExistence","parameters":[["Release E"],["Release D"]],"support":0.02857142857142857,"confidence":1.0,"interestFactor":1.0},
	{"template":"NotCoExistence","parameters":[["Release D"],["Release E"]],"support":0.02857142857142857,"confidence":1.0,"interestFactor":1.0},
	{"template":"NotSuccession","parameters":[["Release E"],["Release D"]],"support":0.02857142857142857,"confidence":1.0,"interestFactor":1.0},
	{"template":"NotSuccession","parameters":[["Release C"],["Release E"]],"support":0.029523809523809525,"confidence":1.0,"interestFactor":1.0},
	{"template":"NotSuccession","parameters":[["Release E"],["Release C"]],"support":0.029523809523809525,"confidence":1.0,"interestFactor":1.0},
	{"template":"NotCoExistence","parameters":[["Release C"],["Release E"]],"support":0.029523809523809525,"confidence":1.0,"interestFactor":1.0},
	{"template":"NotCoExistence","parameters":[["Release E"],["Release C"]],"support":0.029523809523809525,"confidence":1.0,"interestFactor":1.0},
	{"template":"NotCoExistence","parameters":[["Release D"],["Release C"]],"support":0.04666666666666667,"confidence":1.0,"interestFactor":1.0},
	{"template":"NotSuccession","parameters":[["Release C"],["Release D"]],"support":0.04666666666666667,"confidence":1.0,"interestFactor":1.0},
	{"template":"NotCoExistence","parameters":[["Release C"],["Release D"]],"support":0.04666666666666667,"confidence":1.0,"interestFactor":1.0},
	{"template":"NotSuccession","parameters":[["Release D"],["Release C"]],"support":0.04666666666666667,"confidence":1.0,"interestFactor":1.0},
	{"template":"AtMostOne","parameters":[["Release B"]],"support":0.05333333333333334,"confidence":1.0,"interestFactor":1.0},
	{"template":"RespondedExistence","parameters":[["Release B"],["CRP"]],"support":0.05333333333333334,"confidence":1.0,"interestFactor":1.0},
	{"template":"RespondedExistence","parameters":[["Release B"],["ER Sepsis Triage"]],"support":0.05333333333333334,"confidence":1.0,"interestFactor":1.0},
	{"template":"RespondedExistence","parameters":[["Release B"],["ER Registration"]],"support":0.05333333333333334,"confidence":1.0,"interestFactor":1.0},
	{"template":"Precedence","parameters":[["CRP"],["Release B"]],"support":0.05333333333333334,"confidence":1.0,"interestFactor":1.0},
	{"template":"AlternatePrecedence","parameters":[["CRP"],["Release B"]],"support":0.05333333333333334,"confidence":1.0,"interestFactor":1.0},
	{"template":"RespondedExistence","parameters":[["Release B"],["ER Triage"]],"support":0.05333333333333334,"confidence":1.0,"interestFactor":1.0},
	{"template":"Precedence","parameters":[["ER Triage"],["Release B"]],"support":0.05333333333333334,"confidence":1.0,"interestFactor":1.0},
	{"template":"AlternatePrecedence","parameters":[["Leucocytes"],["Release B"]],"support":0.05333333333333334,"confidence":1.0,"interestFactor":1.0},
	{"template":"Precedence","parameters":[["ER Sepsis Triage"],["Release B"]],"support":0.05333333333333334,"confidence":1.0,"interestFactor":1.0},
	{"template":"Precedence","parameters":[["ER Registration"],["Release B"]],"support":0.05333333333333334,"confidence":1.0,"interestFactor":1.0},
	{"template":"AlternatePrecedence","parameters":[["ER Sepsis Triage"],["Release B"]],"support":0.05333333333333334,"confidence":1.0,"interestFactor":1.0},
	{"template":"AlternatePrecedence","parameters":[["ER Registration"],["Release B"]],"support":0.05333333333333334,"confidence":1.0,"interestFactor":1.0},
	{"template":"Precedence","parameters":[["Leucocytes"],["Release B"]],"support":0.05333333333333334,"confidence":1.0,"interestFactor":1.0},
	{"template":"RespondedExistence","parameters":[["Release B"],["Leucocytes"]],"support":0.05333333333333334,"confidence":1.0,"interestFactor":1.0},
	{"template":"AlternatePrecedence","parameters":[["ER Triage"],["Release B"]],"support":0.05333333333333334,"confidence":1.0,"interestFactor":1.0},
	{"template":"NotSuccession","parameters":[["Release E"],["Release B"]],"support":0.05904761904761905,"confidence":1.0,"interestFactor":1.0},
	{"template":"NotSuccession","parameters":[["Release B"],["Release E"]],"support":0.05904761904761905,"confidence":1.0,"interestFactor":1.0},
	{"template":"NotCoExistence","parameters":[["Release B"],["Release E"]],"support":0.05904761904761905,"confidence":1.0,"interestFactor":1.0},
	{"template":"NotCoExistence","parameters":[["Release E"],["Release B"]],"support":0.05904761904761905,"confidence":1.0,"interestFactor":1.0},
	{"template":"NotCoExistence","parameters":[["Release D"],["Release B"]],"support":0.0761904761904762,"confidence":1.0,"interestFactor":1.0},
	{"template":"NotSuccession","parameters":[["Release B"],["Release D"]],"support":0.0761904761904762,"confidence":1.0,"interestFactor":1.0},
	{"template":"NotSuccession","parameters":[["Release D"],["Release B"]],"support":0.0761904761904762,"confidence":1.0,"interestFactor":1.0},
	{"template":"NotCoExistence","parameters":[["Release B"],["Release D"]],"support":0.0761904761904762,"confidence":1.0,"interestFactor":1.0},
	{"template":"NotSuccession","parameters":[["Release B"],["Release C"]],"support":0.07714285714285714,"confidence":1.0,"interestFactor":1.0},
	{"template":"NotCoExistence","parameters":[["Release C"],["Release B"]],"support":0.07714285714285714,"confidence":1.0,"interestFactor":1.0},
	{"template":"NotCoExistence","parameters":[["Release B"],["Release C"]],"support":0.07714285714285714,"confidence":1.0,"interestFactor":1.0},
	{"template":"NotSuccession","parameters":[["Release C"],["Release B"]],"support":0.07714285714285714,"confidence":1.0,"interestFactor":1.0},
	{"template":"Precedence","parameters":[["ER Triage"],["Admission IC"]],"support":0.10476190476190476,"confidence":1.0,"interestFactor":1.0},
	{"template":"RespondedExistence","parameters":[["Admission IC"],["CRP"]],"support":0.10476190476190476,"confidence":1.0,"interestFactor":1.0},
	{"template":"RespondedExistence","parameters":[["Admission IC"],["ER Triage"]],"support":0.10476190476190476,"confidence":1.0,"interestFactor":1.0}
	]
}