Constraint;Support;Confidence;Recall;Lovinger;Specificity;Accuracy;Lift;Leverage;Compliance;Odds Ratio;Gini Index;Certainty factor;Coverage;Prevalence;Added Value;Relative Risk;Jaccard;Ylue Q;Ylue Y;Klosgen;Conviction;Interestingness Weighting Dependency;Collective Strength;Laplace Correction;J Measure;One-way Support;Two-way Support;Two-way Support Variation;Linear Correlation Coefficient;Piatetsky-Shapiro;Cosine;Information Gain;Sebag-Schoenauer;Least Contradiction;Odd Multiplier;Example and Counterexample Rate;Zhang
AtMostOne(IV Antibiotics);0.78380954;1.0;0.78380954;NaN;0.0;0.78380954;1.0;0.21619046;1.0;NaN;1.4901161E-8;NaN;0.78380954;1.0;0.0;1.0;0.78380954;NaN;NaN;0.0;NaN;0.0;1.0;0.9987879;NaN;0.0;0.0;NaN;NaN;0.0;0.8853302;0.0;Infinity;0.78380954;NaN;1.0;NaN
AtMostOne(IV Liquid);0.7171429;1.0;0.7171429;NaN;0.0;0.7171429;1.0;0.28285712;1.0;NaN;2.9802322E-8;NaN;0.7171429;1.0;0.0;1.0;0.71714294;NaN;NaN;0.0;NaN;0.0;1.0;0.9986755;NaN;0.0;0.0;NaN;NaN;0.0;0.8468429;0.0;Infinity;0.7171429;NaN;1.0;NaN
RespondedExistence(Admission NC,ER Registration);0.7619048;1.0;0.7619048;NaN;0.0;0.7619048;1.0;0.23809522;1.0;NaN;1.4901161E-8;NaN;0.7619048;1.0;0.0;1.0;0.76190484;NaN;NaN;0.0;NaN;0.0;1.0;0.99875313;NaN;0.0;0.0;NaN;NaN;0.0;0.8728716;0.0;Infinity;0.7619048;NaN;1.0;NaN
RespondedExistence(Admission NC,ER Triage);0.7619048;1.0;0.7619048;NaN;0.0;0.7619048;1.0;0.23809522;1.0;NaN;1.4901161E-8;NaN;0.7619048;1.0;0.0;1.0;0.76190484;NaN;NaN;0.0;NaN;0.0;1.0;0.99875313;NaN;0.0;0.0;NaN;NaN;0.0;0.8728716;0.0;Infinity;0.7619048;NaN;1.0;NaN
RespondedExistence(CRP,ER Registration);0.9590476;1.0;0.9590476;NaN;0.0;0.9590476;1.0;0.040952384;1.0;NaN;-3.7252903E-9;NaN;0.9590476;1.0;0.0;1.0;0.9590477;NaN;NaN;0.0;NaN;0.0;1.0;0.9990089;NaN;0.0;0.0;NaN;NaN;0.0;0.97930974;0.0;Infinity;0.9590476;NaN;1.0;NaN
RespondedExistence(CRP,ER Triage);0.9590476;1.0;0.9590476;NaN;0.0;0.9590476;1.0;0.040952384;1.0;NaN;-3.7252903E-9;NaN;0.9590476;1.0;0.0;1.0;0.9590477;NaN;NaN;0.0;NaN;0.0;1.0;0.9990089;NaN;0.0;0.0;NaN;NaN;0.0;0.97930974;0.0;Infinity;0.9590476;NaN;1.0;NaN
Precedence(ER Registration,Admission NC);0.7619048;1.0;0.76372004;-Infinity;0.0099829715;0.7642817;1.0023825;0.23990613;1.0;Infinity;3.6085392E-5;1.0;0.7619048;0.99762315;0.0023768544;1.0100837;0.76372004;1.0;1.0;0.0020746887;Infinity;0.002769392;1.0647085;0.99875313;NaN;0.003433157;0.002615739;NaN;0.08731366;0.0018109083;0.8739107;0.002379683;Infinity;0.76372004;Infinity;1.0;0.99996585
Precedence(ER Sepsis Triage,IV Antibiotics);0.78380954;1.0;0.85427296;-Infinity;0.38153148;0.866293;1.0898986;0.28084177;1.0;Infinity;0.04933304;1.0;0.78380954;0.9175165;0.08248347;1.6168973;0.8542729;1.0;1.0;0.07302511;Infinity;0.11542481;-2.5152564;0.9987879;NaN;0.1241939;0.09734436;NaN;0.5709043;0.06465131;0.92426884;0.08608465;Infinity;0.85427296;Infinity;1.0;0.9999995
AlternatePrecedence(ER Sepsis Triage,IV Antibiotics);0.78380954;1.0;0.8896461;-Infinity;0.55027777;0.90277433;1.1350285;0.3094362;1.0;Infinity;0.10262211;1.0;0.78380954;0.8810352;0.11896479;2.2235947;0.8896461;1.0;1.0;0.10532312;Infinity;0.17711288;-1.5817045;0.9987879;NaN;0.1827285;0.14322434;NaN;0.6996802;0.093245745;0.94321054;0.12665774;Infinity;0.8896461;Infinity;1.0;0.99999994
Precedence(ER Triage,Admission NC);0.7619048;1.0;0.8008113;-Infinity;0.20405291;0.8104888;1.0510647;0.2751115;1.0;Infinity;0.015106409;1.0;0.7619048;0.95141613;0.048583865;1.256365;0.80081123;1.0;1.0;0.042407475;Infinity;0.06079975;10.154184;0.99875313;NaN;0.07185152;0.054744016;NaN;0.40423575;0.037016273;0.8948806;0.049803678;Infinity;0.8008113;Infinity;1.0;0.9999959
RespondedExistence(IV Antibiotics,CRP);0.78380954;1.0;0.81727904;-Infinity;0.1894273;0.8247619;1.042701;0.24828929;1.0;Infinity;0.01216072;1.0;0.78380954;0.9590477;0.040952325;1.2336956;0.81727904;1.0;1.0;0.03625633;Infinity;0.053587563;11.448126;0.9987879;NaN;0.060325526;0.047283724;NaN;0.39346486;0.03209883;0.90403485;0.04181447;Infinity;0.81727904;Infinity;1.0;0.99999887
RespondedExistence(IV Antibiotics,ER Registration);0.78380954;1.0;0.78380954;NaN;0.0;0.78380954;1.0;0.21619046;1.0;NaN;1.4901161E-8;NaN;0.78380954;1.0;0.0;1.0;0.78380954;NaN;NaN;0.0;NaN;0.0;1.0;0.9987879;NaN;0.0;0.0;NaN;NaN;0.0;0.8853302;0.0;Infinity;0.78380954;NaN;1.0;NaN
RespondedExistence(IV Antibiotics,ER Sepsis Triage);0.78380954;1.0;0.78455675;-Infinity;0.004405286;0.7847619;1.0009533;0.21693695;1.0;Infinity;6.5673594E-6;1.0;0.78380954;0.99904764;9.52363E-4;1.0044248;0.78455675;1.0;1.0;8.431557E-4;Infinity;0.0011719126;1.0298152;0.9987879;NaN;0.0013746901;0.0010774952;NaN;0.058789693;7.464886E-4;0.8857521;9.5286255E-4;Infinity;0.78455675;Infinity;1.0;1.0000044
RespondedExistence(IV Antibiotics,ER Triage);0.78380954;1.0;0.78380954;NaN;0.0;0.78380954;1.0;0.21619046;1.0;NaN;1.4901161E-8;NaN;0.78380954;1.0;0.0;1.0;0.78380954;NaN;NaN;0.0;NaN;0.0;1.0;0.9987879;NaN;0.0;0.0;NaN;NaN;0.0;0.8853302;0.0;Infinity;0.78380954;NaN;1.0;NaN
RespondedExistence(IV Antibiotics,Leucocytes);0.78380954;1.0;0.8132411;-Infinity;0.16740087;0.82;1.0375494;0.2445569;1.0;Infinity;0.009497104;1.0;0.78380954;0.96380955;0.03619045;1.2010583;0.81324106;1.0;1.0;0.0320405;Infinity;0.04700369;6.0468807;0.9987879;NaN;0.053179994;0.04168299;NaN;0.36896792;0.028366446;0.90179884;0.036861565;Infinity;0.8132411;Infinity;1.0;1.0000002
RespondedExistence(IV Liquid,CRP);0.7171429;1.0;0.7477656;-Infinity;0.14478114;0.75809526;1.042701;0.31222576;1.0;Infinity;0.008503977;1.0;0.7171429;0.9590477;0.040952325;1.1692914;0.7477656;1.0;1.0;0.034680184;Infinity;0.044859488;2.683497;0.9986755;NaN;0.060325526;0.04326202;NaN;0.32903168;0.029368639;0.8647344;0.04181447;Infinity;0.7477656;Infinity;1.0;0.9999977
RespondedExistence(IV Liquid,ER Registration);0.7171429;1.0;0.7171429;NaN;0.0;0.7171429;1.0;0.28285712;1.0;NaN;2.9802322E-8;NaN;0.7171429;1.0;0.0;1.0;0.71714294;NaN;NaN;0.0;NaN;0.0;1.0;0.9986755;NaN;0.0;0.0;NaN;NaN;0.0;0.8468429;0.0;Infinity;0.7171429;NaN;1.0;NaN
RespondedExistence(IV Liquid,ER Sepsis Triage);0.7171429;1.0;0.7178265;-Infinity;0.0033670033;0.71809524;1.0009533;0.28354013;1.0;Infinity;4.557665E-6;1.0;0.7171429;0.99904764;9.52363E-4;1.0033784;0.7178265;1.0;1.0;8.0650183E-4;Infinity;9.810374E-4;1.0188731;0.9986755;NaN;0.0013746901;9.858492E-4;NaN;0.049163405;6.830096E-4;0.84724647;9.5286255E-4;Infinity;0.7178265;Infinity;1.0;1.0000241
RespondedExistence(IV Liquid,ER Triage);0.7171429;1.0;0.7171429;NaN;0.0;0.7171429;1.0;0.28285712;1.0;NaN;2.9802322E-8;NaN;0.7171429;1.0;0.0;1.0;0.71714294;NaN;NaN;0.0;NaN;0.0;1.0;0.9986755;NaN;0.0;0.0;NaN;NaN;0.0;0.8468429;0.0;Infinity;0.7171429;NaN;1.0;NaN
RespondedExistence(IV Liquid,IV Antibiotics);0.7171429;1.0;0.9149453;-Infinity;0.7643097;0.93333334;1.2758201;0.43789655;1.0;Infinity;0.23699631;1.0;0.7171429;0.78380954;0.21619046;4.242857;0.91494524;1.0;1.0;0.18307935;Infinity;0.32283103;-1.8600172;0.9986755;NaN;0.35142496;0.2520219;NaN;0.83624244;0.15503943;0.9565277;0.24358922;Infinity;0.9149453;Infinity;1.0;0.9999998
RespondedExistence(IV Liquid,Leucocytes);0.7171429;1.0;0.7440711;-Infinity;0.12794612;0.75333333;1.0375494;0.30881083;1.0;Infinity;0.006641334;1.0;0.7171429;0.96380955;0.03619045;1.1467181;0.7440711;1.0;1.0;0.030647626;Infinity;0.03934796;2.3221512;0.9986755;NaN;0.053179994;0.038137656;NaN;0.30854625;0.02595371;0.86259556;0.036861565;Infinity;0.7440711;Infinity;1.0;0.9999988
RespondedExistence(LacticAcid,CRP);0.81904763;1.0;0.85402185;-Infinity;0.22631578;0.86;1.0427011;0.21449435;1.0;Infinity;0.015182164;1.0;0.81904763;0.9590476;0.040952384;1.2925171;0.85402185;1.0;1.0;0.03706242;Infinity;0.05851436;-6.018396;0.9988399;NaN;0.06032569;0.049409613;NaN;0.439635;0.033541977;0.92413306;0.04181458;Infinity;0.85402185;Infinity;1.0;1.0000008
RespondedExistence(LacticAcid,ER Registration);0.81904763;1.0;0.81904763;NaN;0.0;0.81904763;1.0;0.18095237;1.0;NaN;1.4901161E-8;NaN;0.81904763;1.0;0.0;1.0;0.81904763;NaN;NaN;0.0;NaN;0.0;1.0;0.9988399;NaN;0.0;0.0;NaN;NaN;0.0;0.9050125;0.0;Infinity;0.81904763;NaN;1.0;NaN
RespondedExistence(LacticAcid,ER Triage);0.81904763;1.0;0.81904763;NaN;0.0;0.81904763;1.0;0.18095237;1.0;NaN;1.4901161E-8;NaN;0.81904763;1.0;0.0;1.0;0.81904763;NaN;NaN;0.0;NaN;0.0;1.0;0.9988399;NaN;0.0;0.0;NaN;NaN;0.0;0.9050125;0.0;Infinity;0.81904763;NaN;1.0;NaN
RespondedExistence(LacticAcid,Leucocytes);0.81904763;1.0;0.8498024;-Infinity;0.2;0.8552381;1.0375494;0.21059406;1.0;Infinity;0.0118566565;1.0;0.81904763;0.96380955;0.03619045;1.25;0.8498024;1.0;1.0;0.03275281;Infinity;0.051325027;-13.714871;0.9988399;NaN;0.053179994;0.043556947;NaN;0.4122621;0.029641688;0.9218472;0.036861565;Infinity;0.8498024;Infinity;1.0;0.9999988
NotSuccession(Release A,Admission NC);0.76285714;1.0;1.0;-Infinity;1.0;1.0;1.3108615;0.41804898;1.0;Infinity;0.36181226;1.0;0.76285714;0.76285714;0.23714286;Infinity;1.0;1.0;1.0;0.20712459;Infinity;0.41804904;-1.3101128;0.9987547;NaN;0.39051524;0.29790732;NaN;0.99999994;0.18090612;1.0;0.27068454;Infinity;1.0;Infinity;1.0;0.99999994
NotSuccession(Release A,IV Antibiotics);0.86;1.0;1.0;-Infinity;1.0;1.0;1.1627907;0.2604;1.0;Infinity;0.2408;1.0;0.86;0.86;0.13999999;Infinity;1.0;1.0;1.0;0.12983064;Infinity;0.26039994;-0.68598527;0.99889505;NaN;0.21759139;0.18712859;NaN;1.0000001;0.12040001;1.0;0.15082285;Infinity;1.0;Infinity;1.0;1.0000001
NotSuccession(Release A,IV Liquid);0.8428571;1.0;1.0;-Infinity;1.0;1.0;1.1864407;0.28959185;1.0;Infinity;0.26489797;1.0;0.8428571;0.8428571;0.15714288;Infinity;1.0;1.0;1.0;0.14426856;Infinity;0.28959188;-0.7878956;0.9988726;NaN;0.24664;0.20788229;NaN;0.99999994;0.13244897;1.0;0.17095782;Infinity;1.0;Infinity;1.0;0.9999999
NotSuccession(Release B,CRP);0.9590476;1.0;1.0;-Infinity;1.0;1.0;1.0427011;0.08022767;1.0;Infinity;0.07855057;1.0;0.9590476;0.9590476;0.040952384;Infinity;1.0;1.0;1.0;0.04010507;Infinity;0.080227725;-0.17413364;0.9990089;NaN;0.06032569;0.057855207;NaN;1.0000001;0.03927529;1.0;0.04181458;Infinity;1.0;Infinity;1.0;1.0000001
NotSuccession(Release B,IV Antibiotics);0.7942857;1.0;1.0;-Infinity;1.0;1.0;1.2589929;0.36911023;1.0;Infinity;0.32679182;1.0;0.7942857;0.7942857;0.20571429;Infinity;1.0;1.0;1.0;0.18333814;Infinity;0.36911038;-1.096571;0.99880385;NaN;0.33227015;0.26391745;NaN;1.0000001;0.16339594;1.0;0.23031212;Infinity;1.0;Infinity;1.0;1.0000002
NotSuccession(Release B,IV Liquid);0.7304762;1.0;1.0;-Infinity;1.0;1.0;1.3689699;0.4664045;1.0;Infinity;0.39376146;1.0;0.7304762;0.7304762;0.2695238;Infinity;1.0;1.0;1.0;0.23035634;Infinity;0.4664044;-1.538683;0.9986996;NaN;0.45309076;0.33097202;NaN;0.9999999;0.1968807;1.0;0.31405857;Infinity;1.0;Infinity;1.0;0.9999998
NotSuccession(Release B,LacticAcid);0.8247619;1.0;1.0;-Infinity;1.0;1.0;1.2124711;0.31976777;1.0;Infinity;0.2890594;1.0;0.8247619;0.8247619;0.17523807;Infinity;1.0;1.0;1.0;0.15914492;Infinity;0.3197678;-0.89956254;0.9988479;NaN;0.2779504;0.2292429;NaN;0.9999999;0.1445297;1.0;0.19266053;Infinity;1.0;Infinity;1.0;0.9999999
NotSuccession(Release C,Admission NC);0.7619048;1.0;1.0;-Infinity;1.0;1.0;1.3125;0.41950113;1.0;Infinity;0.36281177;1.0;0.7619048;0.7619048;0.23809522;Infinity;1.0;1.0;1.0;0.20782655;Infinity;0.41950116;-1.3167259;0.99875313;NaN;0.3923174;0.29890853;NaN;1.0;0.1814059;1.0;0.2719337;Infinity;1.0;Infinity;1.0;1.0
NotSuccession(Release C,CRP);0.9590476;1.0;1.0;-Infinity;1.0;1.0;1.0427011;0.08022767;1.0;Infinity;0.07855057;1.0;0.9590476;0.9590476;0.040952384;Infinity;1.0;1.0;1.0;0.04010507;Infinity;0.080227725;-0.17413364;0.9990089;NaN;0.06032569;0.057855207;NaN;1.0000001;0.03927529;1.0;0.04181458;Infinity;1.0;Infinity;1.0;1.0000001
NotSuccession(Release C,IV Antibiotics);0.78761905;1.0;1.0;-Infinity;1.0;1.0;1.2696493;0.3796562;1.0;Infinity;0.33455056;1.0;0.78761905;0.78761905;0.21238095;Infinity;1.0;1.0;1.0;0.18848364;Infinity;0.37965614;-1.1410519;0.9987937;NaN;0.34443003;0.27127963;NaN;0.9999998;0.16727525;1.0;0.2387407;Infinity;1.0;Infinity;1.0;0.9999998
NotSuccession(Release C,IV Liquid);0.72190475;1.0;1.0;-Infinity;1.0;1.0;1.3852243;0.47885352;1.0;Infinity;0.40151656;1.0;0.72190475;0.72190475;0.27809525;Infinity;1.0;1.0;1.0;0.23628357;Infinity;0.4788536;-1.6002231;0.9986842;NaN;0.47011966;0.3393816;NaN;1.0;0.20075828;1.0;0.3258621;Infinity;1.0;Infinity;1.0;1.0
NotSuccession(Release C,LacticAcid);0.82095236;1.0;1.0;-Infinity;1.0;1.0;1.2180974;0.32603723;1.0;Infinity;0.29397914;1.0;0.82095236;0.82095236;0.17904764;Infinity;1.0;1.0;1.0;0.16222866;Infinity;0.32603717;-0.923591;0.9988426;NaN;0.28462955;0.2336673;NaN;1.0000001;0.14698958;1.0;0.19729017;Infinity;1.0;Infinity;1.0;1.0000002
NotSuccession(Release D,Admission NC);0.7619048;1.0;1.0;-Infinity;1.0;1.0;1.3125;0.41950113;1.0;Infinity;0.36281177;1.0;0.7619048;0.7619048;0.23809522;Infinity;1.0;1.0;1.0;0.20782655;Infinity;0.41950116;-1.3167259;0.99875313;NaN;0.3923174;0.29890853;NaN;1.0;0.1814059;1.0;0.2719337;Infinity;1.0;Infinity;1.0;1.0
NotSuccession(Release D,CRP);0.9590476;1.0;1.0;-Infinity;1.0;1.0;1.0427011;0.08022767;1.0;Infinity;0.07855057;1.0;0.9590476;0.9590476;0.040952384;Infinity;1.0;1.0;1.0;0.04010507;Infinity;0.080227725;-0.17413364;0.9990089;NaN;0.06032569;0.057855207;NaN;1.0000001;0.03927529;1.0;0.04181458;Infinity;1.0;Infinity;1.0;1.0000001
NotSuccession(Release D,IV Antibiotics);0.7866667;1.0;1.0;-Infinity;1.0;1.0;1.2711864;0.3811555;1.0;Infinity;0.33564442;1.0;0.7866667;0.7866667;0.21333331;Infinity;1.0;1.0;1.0;0.18921433;Infinity;0.38115543;-1.147444;0.9987923;NaN;0.34617555;0.27232477;NaN;0.9999997;0.16782218;1.0;0.2399506;Infinity;1.0;Infinity;1.0;0.99999976
NotSuccession(Release D,IV Liquid);0.72190475;1.0;1.0;-Infinity;1.0;1.0;1.3852243;0.47885352;1.0;Infinity;0.40151656;1.0;0.72190475;0.72190475;0.27809525;Infinity;1.0;1.0;1.0;0.23628357;Infinity;0.4788536;-1.6002231;0.9986842;NaN;0.47011966;0.3393816;NaN;1.0;0.20075828;1.0;0.3258621;Infinity;1.0;Infinity;1.0;1.0
NotSuccession(Release D,LacticAcid);0.82095236;1.0;1.0;-Infinity;1.0;1.0;1.2180974;0.32603723;1.0;Infinity;0.29397914;1.0;0.82095236;0.82095236;0.17904764;Infinity;1.0;1.0;1.0;0.16222866;Infinity;0.32603717;-0.923591;0.9988426;NaN;0.28462955;0.2336673;NaN;1.0000001;0.14698958;1.0;0.19729017;Infinity;1.0;Infinity;1.0;1.0000002
NotSuccession(Release E,Admission NC);0.7619048;1.0;1.0;-Infinity;1.0;1.0;1.3125;0.41950113;1.0;Infinity;0.36281177;1.0;0.7619048;0.7619048;0.23809522;Infinity;1.0;1.0;1.0;0.20782655;Infinity;0.41950116;-1.3167259;0.99875313;NaN;0.3923174;0.29890853;NaN;1.0;0.1814059;1.0;0.2719337;Infinity;1.0;Infinity;1.0;1.0
NotSuccession(Release E,CRP);0.9590476;1.0;1.0;-Infinity;1.0;1.0;1.0427011;0.08022767;1.0;Infinity;0.07855057;1.0;0.9590476;0.9590476;0.040952384;Infinity;1.0;1.0;1.0;0.04010507;Infinity;0.080227725;-0.17413364;0.9990089;NaN;0.06032569;0.057855207;NaN;1.0000001;0.03927529;1.0;0.04181458;Infinity;1.0;Infinity;1.0;1.0000001
NotSuccession(Release E,IV Antibiotics);0.7866667;1.0;1.0;-Infinity;1.0;1.0;1.2711864;0.3811555;1.0;Infinity;0.33564442;1.0;0.7866667;0.7866667;0.21333331;Infinity;1.0;1.0;1.0;0.18921433;Infinity;0.38115543;-1.147444;0.9987923;NaN;0.34617555;0.27232477;NaN;0.9999997;0.16782218;1.0;0.2399506;Infinity;1.0;Infinity;1.0;0.99999976
NotSuccession(Release E,IV Liquid);0.72;1.0;1.0;-Infinity;1.0;1.0;1.388889;0.4816;1.0;Infinity;0.4032;1.0;0.72;0.72;0.27999997;Infinity;1.0;1.0;1.0;0.23758785;Infinity;0.48160014;-1.6139408;0.9986807;NaN;0.47393125;0.3412305;NaN;1.0000001;0.20160002;1.0;0.32850412;Infinity;1.0;Infinity;1.0;1.0
NotSuccession(Release E,LacticAcid);0.82095236;1.0;1.0;-Infinity;1.0;1.0;1.2180974;0.32603723;1.0;Infinity;0.29397914;1.0;0.82095236;0.82095236;0.17904764;Infinity;1.0;1.0;1.0;0.16222866;Infinity;0.32603717;-0.923591;0.9988426;NaN;0.28462955;0.2336673;NaN;1.0000001;0.14698958;1.0;0.19729017;Infinity;1.0;Infinity;1.0;1.0000002
NotSuccession(Return ER,Admission NC);0.7619048;1.0;1.0;-Infinity;1.0;1.0;1.3125;0.41950113;1.0;Infinity;0.36281177;1.0;0.7619048;0.7619048;0.23809522;Infinity;1.0;1.0;1.0;0.20782655;Infinity;0.41950116;-1.3167259;0.99875313;NaN;0.3923174;0.29890853;NaN;1.0;0.1814059;1.0;0.2719337;Infinity;1.0;Infinity;1.0;1.0
NotSuccession(Return ER,IV Antibiotics);0.81333333;1.0;1.0;-Infinity;1.0;1.0;1.2295082;0.33848888;1.0;Infinity;0.30364445;1.0;0.81333333;0.81333333;0.18666667;Infinity;1.0;1.0;1.0;0.16834533;Infinity;0.33848882;-0.97217244;0.99883175;NaN;0.2980813;0.24243946;NaN;0.9999999;0.15182221;1.0;0.20661423;Infinity;1.0;Infinity;1.0;0.9999999
NotSuccession(Return ER,IV Liquid);0.7657143;1.0;1.0;-Infinity;1.0;1.0;1.3059702;0.41368163;1.0;Infinity;0.35879183;1.0;0.7657143;0.7657143;0.23428571;Infinity;1.0;1.0;1.0;0.20501195;Infinity;0.4136817;-1.2903192;0.9987593;NaN;0.38512197;0.29489338;NaN;1.0;0.17939591;1.0;0.2669462;Infinity;1.0;Infinity;1.0;1.0
MODEL;0.9647619;1.0;1.0;-Infinity;1.0;1.0;1.0365251;0.06923443;1.0;Infinity;0.06799274;1.0;0.9647619;0.9647619;0.035238087;Infinity;1.0;1.0;1.0;0.034611657;Infinity;0.069234386;-0.14857057;0.9990148;NaN;0.051755093;0.049931344;NaN;0.99999917;0.033996344;1.0;0.035873897;Infinity;1.0;Infinity;1.0;0.9999991
