{"name":"Process model discovered from SEPSIS.xes",
	"tasks":["CRP","Release B","Leucocytes","Release A","ER Registration","IV Liquid","Release D","Release C","Release E","Admission IC","Return ER","Admission NC","ER Sepsis Triage","LacticAcid","ER Triage","IV Antibiotics"],
	"constraints":[
	{"template":"RespondedExistence","parameters":[["Leucocytes"],["ER Triage"]],"support":0.9638095238095238,"confidence":1.0,"interestFactor":1.0},
	{"template":"NotSuccession","parameters":[["Release E"],["Leucocytes"]],"support":0.9638095238095238,"confidence":1.0,"interestFactor":1.0},
	{"template":"NotSuccession","parameters":[["Release D"],["Leucocytes"]],"support":0.9638095238095238,"confidence":1.0,"interestFactor":1.0},
	{"template":"RespondedExistence","parameters":[["Leucocytes"],["ER Registration"]],"support":0.9638095238095238,"confidence":1.0,"interestFactor":1.0},
	{"template":"NotSuccession","parameters":[["Release C"],["Leucocytes"]],"support":0.9638095238095238,"confidence":1.0,"interestFactor":1.0},
	{"template":"NotSuccession","parameters":[["Release B"],["Leucocytes"]],"support":0.9638095238095238,"confidence":1.0,"interestFactor":1.0},
	{"template":"AtMostOne","parameters":[["ER Sepsis Triage"]],"support":0.9990476190476191,"confidence":1.0,"interestFactor":1.0},
	{"template":"NotSuccession","parameters":[["Release C"],["ER Sepsis Triage"]],"support":0.9990476190476191,"confidence":1.0,"interestFactor":1.0},
	{"template":"RespondedExistence","parameters":[["ER Sepsis Triage"],["ER Registration"]],"support":0.9990476190476191,"confidence":1.0,"interestFactor":1.0},
	{"template":"NotSuccession","parameters":[["IV Antibiotics"],["ER Sepsis Triage"]],"support":0.9990476190476191,"confidence":1.0,"interestFactor":1.0},
	{"template":"NotSuccession","parameters":[["Release B"],["ER Sepsis Triage"]],"support":0.9990476190476191,"confidence":1.0,"interestFactor":1.0},
	{"template":"NotSuccession","parameters":[["Release E"],["ER Sepsis Triage"]],"support":0.9990476190476191,"confidence":1.0,"interestFactor":1.0},
	{"template":"NotSuccession","parameters":[["Release D"],["ER Sepsis Triage"]],"support":0.9990476190476191,"confidence":1.0,"interestFactor":1.0},
	{"template":"RespondedExistence","parameters":[["ER Sepsis Triage"],["ER Triage"]],"support":0.9990476190476191,"confidence":1.0,"interestFactor":1.0},
	{"template":"AtMostOne","parameters":[["ER Registration"]],"support":1.0,"confidence":1.0,"interestFactor":1.0},
	{"template":"Participation","parameters":[["ER Registration"]],"support":1.0,"confidence":1.0,"interestFactor":1.0},
	{"template":"Participation","parameters":[["ER Triage"]],"support":1.0,"confidence":1.0,"interestFactor":1.0},
	{"template":"NotSuccession","parameters":[["Release C"],["ER Triage"]],"support":1.0,"confidence":1.0,"interestFactor":1.0},
	{"template":"CoExistence","parameters":[["ER Registration"],["ER Triage"]],"support":1.0,"confidence":1.0,"interestFactor":1.0},
	{"template":"NotSuccession","parameters":[["Release E"],["ER Registration"]],"support":1.0,"confidence":1.0,"interestFactor":1.0},
	{"template":"NotSuccession","parameters":[["Release A"],["ER Registration"]],"support":1.0,"confidence":1.0,"interestFactor":1.0},
	{"template":"NotSuccession","parameters":[["Release B"],["ER Triage"]],"support":1.0,"confidence":1.0,"interestFactor":1.0},
	{"template":"RespondedExistence","parameters":[["ER Registration"],["ER Triage"]],"support":1.0,"confidence":1.0,"interestFactor":1.0},
	{"template":"NotSuccession","parameters":[["Admission IC"],["ER Triage"]],"support":1.0,"confidence":1.0,"interestFactor":1.0},
	{"template":"CoExistence","parameters":[["ER Triage"],["ER Registration"]],"support":1.0,"confidence":1.0,"interestFactor":1.0},
	{"template":"NotSuccession","parameters":[["Release D"],["ER Registration"]],"support":1.0,"confidence":1.0,"interestFactor":1.0},
	{"template":"NotSuccession","parameters":[["Return ER"],["ER Registration"]],"support":1.0,"confidence":1.0,"interestFactor":1.0},
	{"template":"NotSuccession","parameters":[["Release A"],["ER Triage"]],"support":1.0,"confidence":1.0,"interestFactor":1.0},
	{"template":"NotSuccession","parameters":[["Release E"],["ER Triage"]],"support":1.0,"confidence":1.0,"interestFactor":1.0},
	{"template":"NotSuccession","parameters":[["Release A"],["ER Sepsis Triage"]],"support":1.0,"confidence":1.0,"interestFactor":1.0},
	{"template":"NotSuccession","parameters":[["Release C"],["ER Registration"]],"support":1.0,"confidence":1.0,"interestFactor":1.0},
	{"template":"RespondedExistence","parameters":[["ER Triage"],["ER Registration"]],"support":1.0,"confidence":1.0,"interestFactor":1.0},
	{"template":"NotSuccession","parameters":[["Admission NC"],["ER Registration"]],"support":1.0,"confidence":1.0,"interestFactor":1.0},
	{"template":"NotSuccession","parameters":[["Release D"],["ER Triage"]],"support":1.0,"confidence":1.0,"interestFactor":1.0},
	{"template":"NotSuccession","parameters":[["Admission IC"],["ER Registration"]],"support":1.0,"confidence":1.0,"interestFactor":1.0},
	{"template":"NotSuccession","parameters":[["Return ER"],["ER Triage"]],"support":1.0,"confidence":1.0,"interestFactor":1.0},
	{"template":"NotSuccession","parameters":[["Return ER"],["ER Sepsis Triage"]],"support":1.0,"confidence":1.0,"interestFactor":1.0},
	{"template":"NotSuccession","parameters":[["Release B"],["ER Registration"]],"support":1.0,"confidence":1.0,"interestFactor":1.0}

	]
}