{"name":"Process model discovered from SEPSIS.xes",
	"tasks":["CRP","Release B","Leucocytes","Release A","ER Registration","IV Liquid","Release D","Release C","Release E","Admission IC","Return ER","Admission NC","ER Sepsis Triage","LacticAcid","ER Triage","IV Antibiotics"],
	"constraints":[
	{"template":"AtMostOne","parameters":[["IV Liquid"]],"support":0.7171428571428572,"confidence":1.0,"interestFactor":1.0},
	{"template":"RespondedExistence","parameters":[["IV Liquid"],["ER Triage"]],"support":0.7171428571428572,"confidence":1.0,"interestFactor":1.0},
	{"template":"RespondedExistence","parameters":[["IV Liquid"],["ER Sepsis Triage"]],"support":0.7171428571428572,"confidence":1.0,"interestFactor":1.0},
	{"template":"RespondedExistence","parameters":[["IV Liquid"],["IV Antibiotics"]],"support":0.7171428571428572,"confidence":1.0,"interestFactor":1.0},
	{"template":"RespondedExistence","parameters":[["IV Liquid"],["Leucocytes"]],"support":0.7171428571428572,"confidence":1.0,"interestFactor":1.0},
	{"template":"RespondedExistence","parameters":[["IV Liquid"],["ER Registration"]],"support":0.7171428571428572,"confidence":1.0,"interestFactor":1.0},
	{"template":"RespondedExistence","parameters":[["IV Liquid"],["CRP"]],"support":0.7171428571428572,"confidence":1.0,"interestFactor":1.0},
	{"template":"NotSuccession","parameters":[["Release E"],["IV Liquid"]],"support":0.72,"confidence":1.0,"interestFactor":1.0},
	{"template":"NotSuccession","parameters":[["Release D"],["IV Liquid"]],"support":0.7219047619047619,"confidence":1.0,"interestFactor":1.0},
	{"template":"NotSuccession","parameters":[["Release C"],["IV Liquid"]],"support":0.7219047619047619,"confidence":1.0,"interestFactor":1.0},
	{"template":"NotSuccession","parameters":[["Release B"],["IV Liquid"]],"support":0.7304761904761905,"confidence":1.0,"interestFactor":1.0},
	{"template":"Precedence","parameters":[["ER Triage"],["Admission NC"]],"support":0.7619047619047619,"confidence":1.0,"interestFactor":1.0},
	{"template":"RespondedExistence","parameters":[["Admission NC"],["ER Triage"]],"support":0.7619047619047619,"confidence":1.0,"interestFactor":1.0},
	{"template":"NotSuccession","parameters":[["Return ER"],["Admission NC"]],"support":0.7619047619047619,"confidence":1.0,"interestFactor":1.0},
	{"template":"Precedence","parameters":[["ER Registration"],["Admission NC"]],"support":0.7619047619047619,"confidence":1.0,"interestFactor":1.0},
	{"template":"NotSuccession","parameters":[["Release E"],["Admission NC"]],"support":0.7619047619047619,"confidence":1.0,"interestFactor":1.0},
	{"template":"NotSuccession","parameters":[["Release D"],["Admission NC"]],"support":0.7619047619047619,"confidence":1.0,"interestFactor":1.0},
	{"template":"RespondedExistence","parameters":[["Admission NC"],["ER Registration"]],"support":0.7619047619047619,"confidence":1.0,"interestFactor":1.0},
	{"template":"NotSuccession","parameters":[["Release C"],["Admission NC"]],"support":0.7619047619047619,"confidence":1.0,"interestFactor":1.0},
	{"template":"NotSuccession","parameters":[["Release A"],["Admission NC"]],"support":0.7628571428571429,"confidence":1.0,"interestFactor":1.0},
	{"template":"NotSuccession","parameters":[["Return ER"],["IV Liquid"]],"support":0.7657142857142857,"confidence":1.0,"interestFactor":1.0},
	{"template":"AtMostOne","parameters":[["IV Antibiotics"]],"support":0.7838095238095238,"confidence":1.0,"interestFactor":1.0},
	{"template":"RespondedExistence","parameters":[["IV Antibiotics"],["ER Triage"]],"support":0.7838095238095238,"confidence":1.0,"interestFactor":1.0},
	{"template":"RespondedExistence","parameters":[["IV Antibiotics"],["ER Sepsis Triage"]],"support":0.7838095238095238,"confidence":1.0,"interestFactor":1.0},
	{"template":"Precedence","parameters":[["ER Sepsis Triage"],["IV Antibiotics"]],"support":0.7838095238095238,"confidence":1.0,"interestFactor":1.0},
	{"template":"RespondedExistence","parameters":[["IV Antibiotics"],["ER Registration"]],"support":0.7838095238095238,"confidence":1.0,"interestFactor":1.0},
	{"template":"RespondedExistence","parameters":[["IV Antibiotics"],["Leucocytes"]],"support":0.7838095238095238,"confidence":1.0,"interestFactor":1.0},
	{"template":"RespondedExistence","parameters":[["IV Antibiotics"],["CRP"]],"support":0.7838095238095238,"confidence":1.0,"interestFactor":1.0},
	{"template":"AlternatePrecedence","parameters":[["ER Sepsis Triage"],["IV Antibiotics"]],"support":0.7838095238095238,"confidence":1.0,"interestFactor":1.0},
	{"template":"NotSuccession","parameters":[["Release E"],["IV Antibiotics"]],"support":0.7866666666666666,"confidence":1.0,"interestFactor":1.0},
	{"template":"NotSuccession","parameters":[["Release D"],["IV Antibiotics"]],"support":0.7866666666666666,"confidence":1.0,"interestFactor":1.0},
	{"template":"NotSuccession","parameters":[["Release C"],["IV Antibiotics"]],"support":0.7876190476190477,"confidence":1.0,"interestFactor":1.0},
	{"template":"NotSuccession","parameters":[["Release B"],["IV Antibiotics"]],"support":0.7942857142857143,"confidence":1.0,"interestFactor":1.0},
	{"template":"NotSuccession","parameters":[["Return ER"],["IV Antibiotics"]],"support":0.8133333333333334,"confidence":1.0,"interestFactor":1.0},
	{"template":"RespondedExistence","parameters":[["LacticAcid"],["Leucocytes"]],"support":0.819047619047619,"confidence":1.0,"interestFactor":1.0},
	{"template":"RespondedExistence","parameters":[["LacticAcid"],["ER Registration"]],"support":0.819047619047619,"confidence":1.0,"interestFactor":1.0},
	{"template":"RespondedExistence","parameters":[["LacticAcid"],["CRP"]],"support":0.819047619047619,"confidence":1.0,"interestFactor":1.0},
	{"template":"RespondedExistence","parameters":[["LacticAcid"],["ER Triage"]],"support":0.819047619047619,"confidence":1.0,"interestFactor":1.0},
	{"template":"NotSuccession","parameters":[["Release E"],["LacticAcid"]],"support":0.820952380952381,"confidence":1.0,"interestFactor":1.0},
	{"template":"NotSuccession","parameters":[["Release D"],["LacticAcid"]],"support":0.820952380952381,"confidence":1.0,"interestFactor":1.0},
	{"template":"NotSuccession","parameters":[["Release C"],["LacticAcid"]],"support":0.820952380952381,"confidence":1.0,"interestFactor":1.0},
	{"template":"NotSuccession","parameters":[["Release B"],["LacticAcid"]],"support":0.8247619047619048,"confidence":1.0,"interestFactor":1.0},
	{"template":"NotSuccession","parameters":[["Release A"],["IV Liquid"]],"support":0.8428571428571429,"confidence":1.0,"interestFactor":1.0},
	{"template":"NotSuccession","parameters":[["Release A"],["IV Antibiotics"]],"support":0.86,"confidence":1.0,"interestFactor":1.0},
	{"template":"NotSuccession","parameters":[["Release B"],["CRP"]],"support":0.959047619047619,"confidence":1.0,"interestFactor":1.0},
	{"template":"NotSuccession","parameters":[["Release C"],["CRP"]],"support":0.959047619047619,"confidence":1.0,"interestFactor":1.0},
	{"template":"RespondedExistence","parameters":[["CRP"],["ER Registration"]],"support":0.959047619047619,"confidence":1.0,"interestFactor":1.0},
	{"template":"NotSuccession","parameters":[["Release D"],["CRP"]],"support":0.959047619047619,"confidence":1.0,"interestFactor":1.0},
	{"template":"NotSuccession","parameters":[["Release E"],["CRP"]],"support":0.959047619047619,"confidence":1.0,"interestFactor":1.0},
	{"template":"RespondedExistence","parameters":[["CRP"],["ER Triage"]],"support":0.959047619047619,"confidence":1.0,"interestFactor":1.0}

	]
}