{"name":"Process model discovered from SEPSIS.xes",
	"tasks":["CRP","Release B","Leucocytes","Release A","ER Registration","IV Liquid","Release D","Release C","Release E","Admission IC","Return ER","Admission NC","ER Sepsis Triage","LacticAcid","ER Triage","IV Antibiotics"],
	"constraints":[
	{"template":"Precedence","parameters":[["ER Registration"],["Admission IC"]],"support":0.10476190476190476,"confidence":1.0,"interestFactor":1.0},
	{"template":"RespondedExistence","parameters":[["Admission IC"],["Leucocytes"]],"support":0.10476190476190476,"confidence":1.0,"interestFactor":1.0},
	{"template":"RespondedExistence","parameters":[["Admission IC"],["ER Registration"]],"support":0.10476190476190476,"confidence":1.0,"interestFactor":1.0},
	{"template":"NotSuccession","parameters":[["Release E"],["Admission IC"]],"support":0.10857142857142857,"confidence":1.0,"interestFactor":1.0},
	{"template":"NotSuccession","parameters":[["Release D"],["Admission IC"]],"support":0.12285714285714286,"confidence":1.0,"interestFactor":1.0},
	{"template":"NotSuccession","parameters":[["Release C"],["Admission IC"]],"support":0.12761904761904763,"confidence":1.0,"interestFactor":1.0},
	{"template":"NotSuccession","parameters":[["Release B"],["Admission IC"]],"support":0.1457142857142857,"confidence":1.0,"interestFactor":1.0},
	{"template":"AtMostOne","parameters":[["Return ER"]],"support":0.28,"confidence":1.0,"interestFactor":1.0},
	{"template":"RespondedExistence","parameters":[["Return ER"],["ER Registration"]],"support":0.28,"confidence":1.0,"interestFactor":1.0},
	{"template":"AlternatePrecedence","parameters":[["ER Registration"],["Return ER"]],"support":0.28,"confidence":1.0,"interestFactor":1.0},
	{"template":"AlternatePrecedence","parameters":[["Admission NC"],["Return ER"]],"support":0.28,"confidence":1.0,"interestFactor":1.0},
	{"template":"Precedence","parameters":[["Admission NC"],["Return ER"]],"support":0.28,"confidence":1.0,"interestFactor":1.0},
	{"template":"Precedence","parameters":[["ER Triage"],["Return ER"]],"support":0.28,"confidence":1.0,"interestFactor":1.0},
	{"template":"AlternatePrecedence","parameters":[["ER Triage"],["Return ER"]],"support":0.28,"confidence":1.0,"interestFactor":1.0},
	{"template":"RespondedExistence","parameters":[["Return ER"],["Admission NC"]],"support":0.28,"confidence":1.0,"interestFactor":1.0},
	{"template":"RespondedExistence","parameters":[["Return ER"],["ER Triage"]],"support":0.28,"confidence":1.0,"interestFactor":1.0},
	{"template":"Precedence","parameters":[["ER Registration"],["Return ER"]],"support":0.28,"confidence":1.0,"interestFactor":1.0},
	{"template":"NotSuccession","parameters":[["Return ER"],["Release E"]],"support":0.28476190476190477,"confidence":1.0,"interestFactor":1.0},
	{"template":"NotSuccession","parameters":[["Return ER"],["Release D"]],"support":0.29333333333333333,"confidence":1.0,"interestFactor":1.0},
	{"template":"NotSuccession","parameters":[["Return ER"],["Release C"]],"support":0.2980952380952381,"confidence":1.0,"interestFactor":1.0},
	{"template":"NotSuccession","parameters":[["Return ER"],["Release B"]],"support":0.3333333333333333,"confidence":1.0,"interestFactor":1.0},
	{"template":"NotCoExistence","parameters":[["Release B"],["Return ER"]],"support":0.3333333333333333,"confidence":1.0,"interestFactor":1.0},
	{"template":"NotSuccession","parameters":[["Release B"],["Return ER"]],"support":0.3333333333333333,"confidence":1.0,"interestFactor":1.0},
	{"template":"NotCoExistence","parameters":[["Return ER"],["Release B"]],"support":0.3333333333333333,"confidence":1.0,"interestFactor":1.0},
	{"template":"NotSuccession","parameters":[["Return ER"],["Admission IC"]],"support":0.34,"confidence":1.0,"interestFactor":1.0},
	{"template":"AtMostOne","parameters":[["Release A"]],"support":0.6390476190476191,"confidence":1.0,"interestFactor":1.0},
	{"template":"Precedence","parameters":[["ER Triage"],["Release A"]],"support":0.6390476190476191,"confidence":1.0,"interestFactor":1.0},
	{"template":"RespondedExistence","parameters":[["Release A"],["ER Registration"]],"support":0.6390476190476191,"confidence":1.0,"interestFactor":1.0},
	{"template":"Precedence","parameters":[["ER Registration"],["Release A"]],"support":0.6390476190476191,"confidence":1.0,"interestFactor":1.0},
	{"template":"AlternatePrecedence","parameters":[["ER Registration"],["Release A"]],"support":0.6390476190476191,"confidence":1.0,"interestFactor":1.0},
	{"template":"RespondedExistence","parameters":[["Release A"],["ER Triage"]],"support":0.6390476190476191,"confidence":1.0,"interestFactor":1.0},
	{"template":"AlternatePrecedence","parameters":[["ER Triage"],["Release A"]],"support":0.6390476190476191,"confidence":1.0,"interestFactor":1.0},
	{"template":"NotCoExistence","parameters":[["Release A"],["Release E"]],"support":0.6447619047619048,"confidence":1.0,"interestFactor":1.0},
	{"template":"NotSuccession","parameters":[["Release E"],["Release A"]],"support":0.6447619047619048,"confidence":1.0,"interestFactor":1.0},
	{"template":"NotCoExistence","parameters":[["Release E"],["Release A"]],"support":0.6447619047619048,"confidence":1.0,"interestFactor":1.0},
	{"template":"NotSuccession","parameters":[["Release A"],["Release E"]],"support":0.6447619047619048,"confidence":1.0,"interestFactor":1.0},
	{"template":"NotSuccession","parameters":[["Return ER"],["Release A"]],"support":0.6552380952380953,"confidence":1.0,"interestFactor":1.0},
	{"template":"NotCoExistence","parameters":[["Release A"],["Release D"]],"support":0.6619047619047619,"confidence":1.0,"interestFactor":1.0},
	{"template":"NotSuccession","parameters":[["Release D"],["Release A"]],"support":0.6619047619047619,"confidence":1.0,"interestFactor":1.0},
	{"template":"NotSuccession","parameters":[["Release A"],["Release D"]],"support":0.6619047619047619,"confidence":1.0,"interestFactor":1.0},
	{"template":"NotSuccession","parameters":[["Release A"],["Admission IC"]],"support":0.6619047619047619,"confidence":1.0,"interestFactor":1.0},
	{"template":"NotCoExistence","parameters":[["Release D"],["Release A"]],"support":0.6619047619047619,"confidence":1.0,"interestFactor":1.0},
	{"template":"NotCoExistence","parameters":[["Release C"],["Release A"]],"support":0.6628571428571428,"confidence":1.0,"interestFactor":1.0},
	{"template":"NotSuccession","parameters":[["Release A"],["Release C"]],"support":0.6628571428571428,"confidence":1.0,"interestFactor":1.0},
	{"template":"NotSuccession","parameters":[["Release C"],["Release A"]],"support":0.6628571428571428,"confidence":1.0,"interestFactor":1.0},
	{"template":"NotCoExistence","parameters":[["Release A"],["Release C"]],"support":0.6628571428571428,"confidence":1.0,"interestFactor":1.0},
	{"template":"NotSuccession","parameters":[["Release B"],["Release A"]],"support":0.6923809523809524,"confidence":1.0,"interestFactor":1.0},
	{"template":"NotCoExistence","parameters":[["Release B"],["Release A"]],"support":0.6923809523809524,"confidence":1.0,"interestFactor":1.0},
	{"template":"NotSuccession","parameters":[["Release A"],["Release B"]],"support":0.6923809523809524,"confidence":1.0,"interestFactor":1.0},
	{"template":"NotCoExistence","parameters":[["Release A"],["Release B"]],"support":0.6923809523809524,"confidence":1.0,"interestFactor":1.0}

	]
}