Constraint;Support;Confidence;Recall;Lovinger;Specificity;Accuracy;Lift;Leverage;Compliance;Odds Ratio;Gini Index;Certainty factor;Coverage;Prevalence;Added Value;Relative Risk;Jaccard;Ylue Q;Ylue Y;Klosgen;Conviction;Interestingness Weighting Dependency;Collective Strength;Laplace Correction;J Measure;One-way Support;Two-way Support;Two-way Support Variation;Linear Correlation Coefficient;Piatetsky-Shapiro;Cosine;Information Gain;Sebag-Schoenauer;Least Contradiction;Odd Multiplier;Example and Counterexample Rate;Zhang
AtMostOne(ER Registration);1.0;1.0;1.0;NaN;NaN;1.0;1.0;0.0;1.0;NaN;NaN;NaN;1.0;1.0;0.0;NaN;1.0;NaN;NaN;0.0;NaN;0.0;NaN;0.9990494;NaN;0.0;0.0;NaN;NaN;0.0;1.0;0.0;Infinity;1.0;NaN;1.0;NaN
Participation(ER Registration);1.0;1.0;1.0;NaN;NaN;1.0;1.0;0.0;1.0;NaN;NaN;NaN;1.0;1.0;0.0;NaN;1.0;NaN;NaN;0.0;NaN;0.0;NaN;0.9990494;NaN;0.0;0.0;NaN;NaN;0.0;1.0;0.0;Infinity;1.0;NaN;1.0;NaN
AtMostOne(ER Sepsis Triage);0.99904764;1.0;0.99904764;NaN;0.0;0.99904764;1.0;9.52363E-4;1.0;NaN;1.792796E-8;NaN;0.99904764;1.0;0.0;1.0;0.99904764;NaN;NaN;0.0;NaN;0.0;1.0;0.99904853;NaN;0.0;0.0;NaN;NaN;0.0;0.9995237;0.0;Infinity;0.99904764;NaN;1.0;NaN
Participation(ER Triage);1.0;1.0;1.0;NaN;NaN;1.0;1.0;0.0;1.0;NaN;NaN;NaN;1.0;1.0;0.0;NaN;1.0;NaN;NaN;0.0;NaN;0.0;NaN;0.9990494;NaN;0.0;0.0;NaN;NaN;0.0;1.0;0.0;Infinity;1.0;NaN;1.0;NaN
NotSuccession(Admission IC,ER Registration);1.0;1.0;1.0;NaN;NaN;1.0;1.0;0.0;1.0;NaN;NaN;NaN;1.0;1.0;0.0;NaN;1.0;NaN;NaN;0.0;NaN;0.0;NaN;0.9990494;NaN;0.0;0.0;NaN;NaN;0.0;1.0;0.0;Infinity;1.0;NaN;1.0;NaN
NotSuccession(Admission IC,ER Triage);1.0;1.0;1.0;NaN;NaN;1.0;1.0;0.0;1.0;NaN;NaN;NaN;1.0;1.0;0.0;NaN;1.0;NaN;NaN;0.0;NaN;0.0;NaN;0.9990494;NaN;0.0;0.0;NaN;NaN;0.0;1.0;0.0;Infinity;1.0;NaN;1.0;NaN
NotSuccession(Admission NC,ER Registration);1.0;1.0;1.0;NaN;NaN;1.0;1.0;0.0;1.0;NaN;NaN;NaN;1.0;1.0;0.0;NaN;1.0;NaN;NaN;0.0;NaN;0.0;NaN;0.9990494;NaN;0.0;0.0;NaN;NaN;0.0;1.0;0.0;Infinity;1.0;NaN;1.0;NaN
CoExistence(ER Registration,ER Triage);1.0;1.0;1.0;NaN;NaN;1.0;1.0;0.0;1.0;NaN;NaN;NaN;1.0;1.0;0.0;NaN;1.0;NaN;NaN;0.0;NaN;0.0;NaN;0.9990494;NaN;0.0;0.0;NaN;NaN;0.0;1.0;0.0;Infinity;1.0;NaN;1.0;NaN
RespondedExistence(ER Registration,ER Triage);1.0;1.0;1.0;NaN;NaN;1.0;1.0;0.0;1.0;NaN;NaN;NaN;1.0;1.0;0.0;NaN;1.0;NaN;NaN;0.0;NaN;0.0;NaN;0.9990494;NaN;0.0;0.0;NaN;NaN;0.0;1.0;0.0;Infinity;1.0;NaN;1.0;NaN
RespondedExistence(ER Sepsis Triage,ER Registration);0.99904764;1.0;0.99904764;NaN;0.0;0.99904764;1.0;9.52363E-4;1.0;NaN;1.792796E-8;NaN;0.99904764;1.0;0.0;1.0;0.99904764;NaN;NaN;0.0;NaN;0.0;1.0;0.99904853;NaN;0.0;0.0;NaN;NaN;0.0;0.9995237;0.0;Infinity;0.99904764;NaN;1.0;NaN
RespondedExistence(ER Sepsis Triage,ER Triage);0.99904764;1.0;0.99904764;NaN;0.0;0.99904764;1.0;9.52363E-4;1.0;NaN;1.792796E-8;NaN;0.99904764;1.0;0.0;1.0;0.99904764;NaN;NaN;0.0;NaN;0.0;1.0;0.99904853;NaN;0.0;0.0;NaN;NaN;0.0;0.9995237;0.0;Infinity;0.99904764;NaN;1.0;NaN
CoExistence(ER Triage,ER Registration);1.0;1.0;1.0;NaN;NaN;1.0;1.0;0.0;1.0;NaN;NaN;NaN;1.0;1.0;0.0;NaN;1.0;NaN;NaN;0.0;NaN;0.0;NaN;0.9990494;NaN;0.0;0.0;NaN;NaN;0.0;1.0;0.0;Infinity;1.0;NaN;1.0;NaN
RespondedExistence(ER Triage,ER Registration);1.0;1.0;1.0;NaN;NaN;1.0;1.0;0.0;1.0;NaN;NaN;NaN;1.0;1.0;0.0;NaN;1.0;NaN;NaN;0.0;NaN;0.0;NaN;0.9990494;NaN;0.0;0.0;NaN;NaN;0.0;1.0;0.0;Infinity;1.0;NaN;1.0;NaN
NotSuccession(IV Antibiotics,ER Sepsis Triage);0.99904764;1.0;1.0;-Infinity;1.0;1.0;1.0009533;0.001903832;1.0;Infinity;0.00190293;1.0;0.99904764;0.99904764;9.52363E-4;Infinity;1.0;1.0;1.0;9.519094E-4;Infinity;0.0019039105;-0.0038149233;0.99904853;NaN;0.0013746901;0.0013733809;NaN;0.99999475;9.5146894E-4;1.0;9.5286255E-4;Infinity;1.0;Infinity;1.0;0.99999475
RespondedExistence(Leucocytes,ER Registration);0.96380955;1.0;0.96380955;NaN;0.0;0.96380955;1.0;0.03619045;1.0;NaN;2.6077032E-8;NaN;0.96380955;1.0;0.0;1.0;0.9638096;NaN;NaN;0.0;NaN;0.0;1.0;0.9990138;NaN;0.0;0.0;NaN;NaN;0.0;0.98173803;0.0;Infinity;0.96380955;NaN;1.0;NaN
RespondedExistence(Leucocytes,ER Triage);0.96380955;1.0;0.96380955;NaN;0.0;0.96380955;1.0;0.03619045;1.0;NaN;2.6077032E-8;NaN;0.96380955;1.0;0.0;1.0;0.9638096;NaN;NaN;0.0;NaN;0.0;1.0;0.9990138;NaN;0.0;0.0;NaN;NaN;0.0;0.98173803;0.0;Infinity;0.96380955;NaN;1.0;NaN
NotSuccession(Release A,ER Registration);1.0;1.0;1.0;NaN;NaN;1.0;1.0;0.0;1.0;NaN;NaN;NaN;1.0;1.0;0.0;NaN;1.0;NaN;NaN;0.0;NaN;0.0;NaN;0.9990494;NaN;0.0;0.0;NaN;NaN;0.0;1.0;0.0;Infinity;1.0;NaN;1.0;NaN
NotSuccession(Release A,ER Sepsis Triage);1.0;1.0;1.0;NaN;NaN;1.0;1.0;0.0;1.0;NaN;NaN;NaN;1.0;1.0;0.0;NaN;1.0;NaN;NaN;0.0;NaN;0.0;NaN;0.9990494;NaN;0.0;0.0;NaN;NaN;0.0;1.0;0.0;Infinity;1.0;NaN;1.0;NaN
NotSuccession(Release A,ER Triage);1.0;1.0;1.0;NaN;NaN;1.0;1.0;0.0;1.0;NaN;NaN;NaN;1.0;1.0;0.0;NaN;1.0;NaN;NaN;0.0;NaN;0.0;NaN;0.9990494;NaN;0.0;0.0;NaN;NaN;0.0;1.0;0.0;Infinity;1.0;NaN;1.0;NaN
NotSuccession(Release B,ER Registration);1.0;1.0;1.0;NaN;NaN;1.0;1.0;0.0;1.0;NaN;NaN;NaN;1.0;1.0;0.0;NaN;1.0;NaN;NaN;0.0;NaN;0.0;NaN;0.9990494;NaN;0.0;0.0;NaN;NaN;0.0;1.0;0.0;Infinity;1.0;NaN;1.0;NaN
NotSuccession(Release B,ER Sepsis Triage);0.99904764;1.0;1.0;-Infinity;1.0;1.0;1.0009533;0.001903832;1.0;Infinity;0.00190293;1.0;0.99904764;0.99904764;9.52363E-4;Infinity;1.0;1.0;1.0;9.519094E-4;Infinity;0.0019039105;-0.0038149233;0.99904853;NaN;0.0013746901;0.0013733809;NaN;0.99999475;9.5146894E-4;1.0;9.5286255E-4;Infinity;1.0;Infinity;1.0;0.99999475
NotSuccession(Release B,ER Triage);1.0;1.0;1.0;NaN;NaN;1.0;1.0;0.0;1.0;NaN;NaN;NaN;1.0;1.0;0.0;NaN;1.0;NaN;NaN;0.0;NaN;0.0;NaN;0.9990494;NaN;0.0;0.0;NaN;NaN;0.0;1.0;0.0;Infinity;1.0;NaN;1.0;NaN
NotSuccession(Release B,Leucocytes);0.96380955;1.0;1.0;-Infinity;1.0;1.0;1.0375494;0.07107115;1.0;Infinity;0.069761425;1.0;0.96380955;0.96380955;0.03619045;Infinity;1.0;1.0;1.0;0.035529543;Infinity;0.07107115;-0.15280196;0.9990138;NaN;0.053179994;0.051255386;NaN;0.99999917;0.034880698;1.0;0.036861565;Infinity;1.0;Infinity;1.0;0.99999917
NotSuccession(Release C,ER Registration);1.0;1.0;1.0;NaN;NaN;1.0;1.0;0.0;1.0;NaN;NaN;NaN;1.0;1.0;0.0;NaN;1.0;NaN;NaN;0.0;NaN;0.0;NaN;0.9990494;NaN;0.0;0.0;NaN;NaN;0.0;1.0;0.0;Infinity;1.0;NaN;1.0;NaN
NotSuccession(Release C,ER Sepsis Triage);0.99904764;1.0;1.0;-Infinity;1.0;1.0;1.0009533;0.001903832;1.0;Infinity;0.00190293;1.0;0.99904764;0.99904764;9.52363E-4;Infinity;1.0;1.0;1.0;9.519094E-4;Infinity;0.0019039105;-0.0038149233;0.99904853;NaN;0.0013746901;0.0013733809;NaN;0.99999475;9.5146894E-4;1.0;9.5286255E-4;Infinity;1.0;Infinity;1.0;0.99999475
NotSuccession(Release C,ER Triage);1.0;1.0;1.0;NaN;NaN;1.0;1.0;0.0;1.0;NaN;NaN;NaN;1.0;1.0;0.0;NaN;1.0;NaN;NaN;0.0;NaN;0.0;NaN;0.9990494;NaN;0.0;0.0;NaN;NaN;0.0;1.0;0.0;Infinity;1.0;NaN;1.0;NaN
NotSuccession(Release C,Leucocytes);0.96380955;1.0;1.0;-Infinity;1.0;1.0;1.0375494;0.07107115;1.0;Infinity;0.069761425;1.0;0.96380955;0.96380955;0.03619045;Infinity;1.0;1.0;1.0;0.035529543;Infinity;0.07107115;-0.15280196;0.9990138;NaN;0.053179994;0.051255386;NaN;0.99999917;0.034880698;1.0;0.036861565;Infinity;1.0;Infinity;1.0;0.99999917
NotSuccession(Release D,ER Registration);1.0;1.0;1.0;NaN;NaN;1.0;1.0;0.0;1.0;NaN;NaN;NaN;1.0;1.0;0.0;NaN;1.0;NaN;NaN;0.0;NaN;0.0;NaN;0.9990494;NaN;0.0;0.0;NaN;NaN;0.0;1.0;0.0;Infinity;1.0;NaN;1.0;NaN
NotSuccession(Release D,ER Sepsis Triage);0.99904764;1.0;1.0;-Infinity;1.0;1.0;1.0009533;0.001903832;1.0;Infinity;0.00190293;1.0;0.99904764;0.99904764;9.52363E-4;Infinity;1.0;1.0;1.0;9.519094E-4;Infinity;0.0019039105;-0.0038149233;0.99904853;NaN;0.0013746901;0.0013733809;NaN;0.99999475;9.5146894E-4;1.0;9.5286255E-4;Infinity;1.0;Infinity;1.0;0.99999475
NotSuccession(Release D,ER Triage);1.0;1.0;1.0;NaN;NaN;1.0;1.0;0.0;1.0;NaN;NaN;NaN;1.0;1.0;0.0;NaN;1.0;NaN;NaN;0.0;NaN;0.0;NaN;0.9990494;NaN;0.0;0.0;NaN;NaN;0.0;1.0;0.0;Infinity;1.0;NaN;1.0;NaN
NotSuccession(Release D,Leucocytes);0.96380955;1.0;1.0;-Infinity;1.0;1.0;1.0375494;0.07107115;1.0;Infinity;0.069761425;1.0;0.96380955;0.96380955;0.03619045;Infinity;1.0;1.0;1.0;0.035529543;Infinity;0.07107115;-0.15280196;0.9990138;NaN;0.053179994;0.051255386;NaN;0.99999917;0.034880698;1.0;0.036861565;Infinity;1.0;Infinity;1.0;0.99999917
NotSuccession(Release E,ER Registration);1.0;1.0;1.0;NaN;NaN;1.0;1.0;0.0;1.0;NaN;NaN;NaN;1.0;1.0;0.0;NaN;1.0;NaN;NaN;0.0;NaN;0.0;NaN;0.9990494;NaN;0.0;0.0;NaN;NaN;0.0;1.0;0.0;Infinity;1.0;NaN;1.0;NaN
NotSuccession(Release E,ER Sepsis Triage);0.99904764;1.0;1.0;-Infinity;1.0;1.0;1.0009533;0.001903832;1.0;Infinity;0.00190293;1.0;0.99904764;0.99904764;9.52363E-4;Infinity;1.0;1.0;1.0;9.519094E-4;Infinity;0.0019039105;-0.0038149233;0.99904853;NaN;0.0013746901;0.0013733809;NaN;0.99999475;9.5146894E-4;1.0;9.5286255E-4;Infinity;1.0;Infinity;1.0;0.99999475
NotSuccession(Release E,ER Triage);1.0;1.0;1.0;NaN;NaN;1.0;1.0;0.0;1.0;NaN;NaN;NaN;1.0;1.0;0.0;NaN;1.0;NaN;NaN;0.0;NaN;0.0;NaN;0.9990494;NaN;0.0;0.0;NaN;NaN;0.0;1.0;0.0;Infinity;1.0;NaN;1.0;NaN
NotSuccession(Release E,Leucocytes);0.96380955;1.0;1.0;-Infinity;1.0;1.0;1.0375494;0.07107115;1.0;Infinity;0.069761425;1.0;0.96380955;0.96380955;0.03619045;Infinity;1.0;1.0;1.0;0.035529543;Infinity;0.07107115;-0.15280196;0.9990138;NaN;0.053179994;0.051255386;NaN;0.99999917;0.034880698;1.0;0.036861565;Infinity;1.0;Infinity;1.0;0.99999917
NotSuccession(Return ER,ER Registration);1.0;1.0;1.0;NaN;NaN;1.0;1.0;0.0;1.0;NaN;NaN;NaN;1.0;1.0;0.0;NaN;1.0;NaN;NaN;0.0;NaN;0.0;NaN;0.9990494;NaN;0.0;0.0;NaN;NaN;0.0;1.0;0.0;Infinity;1.0;NaN;1.0;NaN
NotSuccession(Return ER,ER Sepsis Triage);1.0;1.0;1.0;NaN;NaN;1.0;1.0;0.0;1.0;NaN;NaN;NaN;1.0;1.0;0.0;NaN;1.0;NaN;NaN;0.0;NaN;0.0;NaN;0.9990494;NaN;0.0;0.0;NaN;NaN;0.0;1.0;0.0;Infinity;1.0;NaN;1.0;NaN
NotSuccession(Return ER,ER Triage);1.0;1.0;1.0;NaN;NaN;1.0;1.0;0.0;1.0;NaN;NaN;NaN;1.0;1.0;0.0;NaN;1.0;NaN;NaN;0.0;NaN;0.0;NaN;0.9990494;NaN;0.0;0.0;NaN;NaN;0.0;1.0;0.0;Infinity;1.0;NaN;1.0;NaN
MODEL;1.0;1.0;1.0;NaN;NaN;1.0;1.0;0.0;1.0;NaN;NaN;NaN;1.0;1.0;0.0;NaN;1.0;NaN;NaN;0.0;NaN;0.0;NaN;0.9990494;NaN;0.0;0.0;NaN;NaN;0.0;1.0;0.0;Infinity;1.0;NaN;1.0;NaN
