{"name":"Process model discovered from SEPSIS.xes",
	"tasks":["CRP","Release B","Leucocytes","Release A","ER Registration","IV Liquid","Release D","Release C","Release E","Admission IC","Return ER","Admission NC","ER Sepsis Triage","LacticAcid","ER Triage","IV Antibiotics"],
	"constraints":[
	{"template":"AtMostOne","parameters":[["Release E"]],"support":0.005714285714285714,"confidence":1.0,"interestFactor":1.0},
	{"template":"AlternatePrecedence","parameters":[["ER Sepsis Triage"],["Release E"]],"support":0.005714285714285714,"confidence":1.0,"interestFactor":1.0},
	{"template":"AlternatePrecedence","parameters":[["ER Registration"],["Release E"]],"support":0.005714285714285714,"confidence":1.0,"interestFactor":1.0},
	{"template":"RespondedExistence","parameters":[["Release E"],["Leucocytes"]],"support":0.005714285714285714,"confidence":1.0,"interestFactor":1.0},
	{"template":"Precedence","parameters":[["ER Sepsis Triage"],["Release E"]],"support":0.005714285714285714,"confidence":1.0,"interestFactor":1.0},
	{"template":"RespondedExistence","parameters":[["Release E"],["Admission NC"]],"support":0.005714285714285714,"confidence":1.0,"interestFactor":1.0},
	{"template":"AlternatePrecedence","parameters":[["Admission NC"],["Release E"]],"support":0.005714285714285714,"confidence":1.0,"interestFactor":1.0},
	{"template":"Precedence","parameters":[["CRP"],["Release E"]],"support":0.005714285714285714,"confidence":1.0,"interestFactor":1.0},
	{"template":"Precedence","parameters":[["Leucocytes"],["Release E"]],"support":0.005714285714285714,"confidence":1.0,"interestFactor":1.0},
	{"template":"RespondedExistence","parameters":[["Release E"],["ER Registration"]],"support":0.005714285714285714,"confidence":1.0,"interestFactor":1.0},
	{"template":"RespondedExistence","parameters":[["Release E"],["ER Triage"]],"support":0.005714285714285714,"confidence":1.0,"interestFactor":1.0},
	{"template":"AlternatePrecedence","parameters":[["CRP"],["Release E"]],"support":0.005714285714285714,"confidence":1.0,"interestFactor":1.0},
	{"template":"Precedence","parameters":[["ER Triage"],["Release E"]],"support":0.005714285714285714,"confidence":1.0,"interestFactor":1.0},
	{"template":"AlternatePrecedence","parameters":[["ER Triage"],["Release E"]],"support":0.005714285714285714,"confidence":1.0,"interestFactor":1.0},
	{"template":"RespondedExistence","parameters":[["Release E"],["ER Sepsis Triage"]],"support":0.005714285714285714,"confidence":1.0,"interestFactor":1.0},
	{"template":"RespondedExistence","parameters":[["Release E"],["CRP"]],"support":0.005714285714285714,"confidence":1.0,"interestFactor":1.0},
	{"template":"Precedence","parameters":[["ER Registration"],["Release E"]],"support":0.005714285714285714,"confidence":1.0,"interestFactor":1.0},
	{"template":"AlternatePrecedence","parameters":[["Leucocytes"],["Release E"]],"support":0.005714285714285714,"confidence":1.0,"interestFactor":1.0},
	{"template":"Precedence","parameters":[["Admission NC"],["Release E"]],"support":0.005714285714285714,"confidence":1.0,"interestFactor":1.0},
	{"template":"AtMostOne","parameters":[["Release D"]],"support":0.022857142857142857,"confidence":1.0,"interestFactor":1.0},
	{"template":"Precedence","parameters":[["ER Sepsis Triage"],["Release D"]],"support":0.022857142857142857,"confidence":1.0,"interestFactor":1.0},
	{"template":"RespondedExistence","parameters":[["Release D"],["Leucocytes"]],"support":0.022857142857142857,"confidence":1.0,"interestFactor":1.0},
	{"template":"AlternatePrecedence","parameters":[["Admission NC"],["Release D"]],"support":0.022857142857142857,"confidence":1.0,"interestFactor":1.0},
	{"template":"Precedence","parameters":[["CRP"],["Release D"]],"support":0.022857142857142857,"confidence":1.0,"interestFactor":1.0},
	{"template":"AlternatePrecedence","parameters":[["ER Registration"],["Release D"]],"support":0.022857142857142857,"confidence":1.0,"interestFactor":1.0},
	{"template":"Precedence","parameters":[["ER Triage"],["Release D"]],"support":0.022857142857142857,"confidence":1.0,"interestFactor":1.0},
	{"template":"Precedence","parameters":[["Leucocytes"],["Release D"]],"support":0.022857142857142857,"confidence":1.0,"interestFactor":1.0},
	{"template":"AlternatePrecedence","parameters":[["Leucocytes"],["Release D"]],"support":0.022857142857142857,"confidence":1.0,"interestFactor":1.0},
	{"template":"Precedence","parameters":[["Admission NC"],["Release D"]],"support":0.022857142857142857,"confidence":1.0,"interestFactor":1.0},
	{"template":"AlternatePrecedence","parameters":[["ER Triage"],["Release D"]],"support":0.022857142857142857,"confidence":1.0,"interestFactor":1.0},
	{"template":"RespondedExistence","parameters":[["Release D"],["CRP"]],"support":0.022857142857142857,"confidence":1.0,"interestFactor":1.0},
	{"template":"RespondedExistence","parameters":[["Release D"],["ER Sepsis Triage"]],"support":0.022857142857142857,"confidence":1.0,"interestFactor":1.0},
	{"template":"RespondedExistence","parameters":[["Release D"],["ER Registration"]],"support":0.022857142857142857,"confidence":1.0,"interestFactor":1.0},
	{"template":"RespondedExistence","parameters":[["Release D"],["ER Triage"]],"support":0.022857142857142857,"confidence":1.0,"interestFactor":1.0},
	{"template":"Precedence","parameters":[["ER Registration"],["Release D"]],"support":0.022857142857142857,"confidence":1.0,"interestFactor":1.0},
	{"template":"AlternatePrecedence","parameters":[["ER Sepsis Triage"],["Release D"]],"support":0.022857142857142857,"confidence":1.0,"interestFactor":1.0},
	{"template":"RespondedExistence","parameters":[["Release D"],["Admission NC"]],"support":0.022857142857142857,"confidence":1.0,"interestFactor":1.0},
	{"template":"AlternatePrecedence","parameters":[["CRP"],["Release D"]],"support":0.022857142857142857,"confidence":1.0,"interestFactor":1.0},
	{"template":"AtMostOne","parameters":[["Release C"]],"support":0.023809523809523808,"confidence":1.0,"interestFactor":1.0},
	{"template":"RespondedExistence","parameters":[["Release C"],["ER Triage"]],"support":0.023809523809523808,"confidence":1.0,"interestFactor":1.0},
	{"template":"Precedence","parameters":[["CRP"],["Release C"]],"support":0.023809523809523808,"confidence":1.0,"interestFactor":1.0},
	{"template":"AlternatePrecedence","parameters":[["ER Registration"],["Release C"]],"support":0.023809523809523808,"confidence":1.0,"interestFactor":1.0},
	{"template":"RespondedExistence","parameters":[["Release C"],["CRP"]],"support":0.023809523809523808,"confidence":1.0,"interestFactor":1.0},
	{"template":"Precedence","parameters":[["ER Triage"],["Release C"]],"support":0.023809523809523808,"confidence":1.0,"interestFactor":1.0},
	{"template":"Precedence","parameters":[["ER Sepsis Triage"],["Release C"]],"support":0.023809523809523808,"confidence":1.0,"interestFactor":1.0},
	{"template":"RespondedExistence","parameters":[["Release C"],["ER Sepsis Triage"]],"support":0.023809523809523808,"confidence":1.0,"interestFactor":1.0},
	{"template":"AlternatePrecedence","parameters":[["Admission NC"],["Release C"]],"support":0.023809523809523808,"confidence":1.0,"interestFactor":1.0},
	{"template":"AlternatePrecedence","parameters":[["ER Triage"],["Release C"]],"support":0.023809523809523808,"confidence":1.0,"interestFactor":1.0},
	{"template":"RespondedExistence","parameters":[["Release C"],["Leucocytes"]],"support":0.023809523809523808,"confidence":1.0,"interestFactor":1.0},
	{"template":"Precedence","parameters":[["ER Registration"],["Release C"]],"support":0.023809523809523808,"confidence":1.0,"interestFactor":1.0}

	]
}