Constraint;Support;Confidence;Recall;Lovinger;Specificity;Accuracy;Lift;Leverage;Compliance;Odds Ratio;Gini Index;Certainty factor;Coverage;Prevalence;Added Value;Relative Risk;Jaccard;Ylue Q;Ylue Y;Klosgen;Conviction;Interestingness Weighting Dependency;Collective Strength;Laplace Correction;J Measure;One-way Support;Two-way Support;Two-way Support Variation;Linear Correlation Coefficient;Piatetsky-Shapiro;Cosine;Information Gain;Sebag-Schoenauer;Least Contradiction;Odd Multiplier;Example and Counterexample Rate;Zhang
AtMostOne(ER Registration);0.095444284;1.0;1.0;-Infinity;1.0;1.000003;10.477317;0.9908904;1.0;Infinity;0.17266697;1.0;0.095444284;0.095444284;0.90455574;Infinity;1.0;1.0;1.0;0.27945396;Infinity;0.9908904;-2.395303;0.99021685;NaN;3.3891973;0.32347953;NaN;0.9999967;0.086334676;1.0;2.3492126;Infinity;1.0;Infinity;1.0;0.9999968
Participation(ER Registration);0.095444284;1.0;0.93899447;-Infinity;0.99314445;0.99380165;9.838143;0.99029857;1.0;Infinity;0.17030773;1.0;0.095444284;0.1016452;0.89835477;145.87415;0.9389944;1.0;1.0;0.27753824;Infinity;0.87260115;-2.6551435;0.99021685;NaN;3.298386;0.3148121;NaN;0.9656872;0.08574283;0.9690173;2.286267;Infinity;0.93899447;Infinity;1.0;0.99999714
AtMostOne(ER Sepsis Triage);0.09541254;1.0;0.99011695;-Infinity;0.9989472;0.9990506;10.377221;0.99080557;1.0;Infinity;0.17225233;1.0;0.09541254;0.096364915;0.9036351;949.82;0.99011695;1.0;1.0;0.27912313;Infinity;0.9712281;-2.4326308;0.99021363;NaN;3.3753483;0.32205054;NaN;0.99451905;0.08621812;0.99504626;2.3396132;Infinity;0.99011695;Infinity;1.0;0.9999967
Participation(ER Triage);0.095444284;1.0;0.45161566;-Infinity;0.87186956;0.88410145;4.73172;0.97982883;1.0;Infinity;0.1312548;1.0;0.095444284;0.21133962;0.7886604;7.8049583;0.45161566;1.0;1.0;0.2436492;Infinity;0.19484706;10.749092;0.99021685;NaN;2.2423646;0.2140209;NaN;0.62749755;0.07527313;0.67202353;1.5542887;Infinity;0.45161566;Infinity;1.0;1.000004
NotSuccession(Admission IC,ER Registration);0.09993781;1.0;1.0;-Infinity;1.0;1.0000027;10.006223;0.9900124;1.0;Infinity;0.17989829;1.0;0.09993781;0.09993781;0.9000622;Infinity;1.0;1.0;1.0;0.28453615;Infinity;0.9900124;-2.4142904;0.9906485;NaN;3.3228257;0.33207592;NaN;0.99999696;0.08995025;1.0;2.3032072;Infinity;1.0;Infinity;1.0;0.99999696
NotSuccession(Admission IC,ER Triage);0.100261874;1.0;1.0;-Infinity;1.0;1.0000029;9.973881;0.98994756;1.0;Infinity;0.18041661;1.0;0.100261874;0.100261874;0.89973813;Infinity;1.0;1.0;1.0;0.2848945;Infinity;0.9899475;-2.4156575;0.99067813;NaN;3.318155;0.33268443;NaN;0.9999969;0.09020943;1.0;2.2999697;Infinity;1.0;Infinity;1.0;0.99999684
NotSuccession(Admission NC,ER Registration);0.17004438;1.0;1.0;-Infinity;1.0;0.99999696;5.880818;0.9710849;1.0;Infinity;0.28226057;1.0;0.17004438;0.17004438;0.82995564;Infinity;1.0;1.0;1.0;0.34224415;Infinity;0.97108495;-2.7060137;0.99446124;NaN;2.556017;0.4346363;NaN;1.0000037;0.14112929;1.0;1.7716959;Infinity;1.0;Infinity;1.0;1.0000036
CoExistence(ER Registration,ER Triage);0.19121264;1.0;1.0;-Infinity;1.0;0.99999636;5.2297797;0.96343774;1.0;Infinity;0.309303;1.0;0.19121264;0.19121264;0.80878735;Infinity;1.0;1.0;1.0;0.35366547;Infinity;0.9634377;-2.7898228;0.9950684;NaN;2.3867502;0.4563768;NaN;1.0000044;0.15465036;1.0;1.6543691;Infinity;1.0;Infinity;1.0;1.0000044
RespondedExistence(ER Registration,ER Triage);0.095444284;1.0;0.095444284;NaN;0.0;0.095444284;1.0;0.90455574;1.0;NaN;2.9429793E-6;NaN;0.095444284;1.0;0.0;1.0;0.095444284;NaN;NaN;0.0;NaN;0.0;1.0;0.99021685;NaN;0.0;0.0;NaN;NaN;0.0;0.3089406;0.0;Infinity;0.095444284;NaN;1.0;NaN
RespondedExistence(ER Sepsis Triage,ER Registration);0.09541254;1.0;0.09541254;NaN;0.0;0.09541254;1.0;0.90458745;1.0;NaN;2.965331E-6;NaN;0.09541254;1.0;0.0;1.0;0.095412545;NaN;NaN;0.0;NaN;0.0;1.0;0.99021363;NaN;0.0;0.0;NaN;NaN;0.0;0.3088892;0.0;Infinity;0.09541254;NaN;1.0;NaN
RespondedExistence(ER Sepsis Triage,ER Triage);0.09541254;1.0;0.09541254;NaN;0.0;0.09541254;1.0;0.90458745;1.0;NaN;2.965331E-6;NaN;0.09541254;1.0;0.0;1.0;0.095412545;NaN;NaN;0.0;NaN;0.0;1.0;0.99021363;NaN;0.0;0.0;NaN;NaN;0.0;0.3088892;0.0;Infinity;0.09541254;NaN;1.0;NaN
CoExistence(ER Triage,ER Registration);0.19121264;1.0;1.0;-Infinity;1.0;0.99999636;5.2297797;0.96343774;1.0;Infinity;0.309303;1.0;0.19121264;0.19121264;0.80878735;Infinity;1.0;1.0;1.0;0.35366547;Infinity;0.9634377;-2.7898228;0.9950684;NaN;2.3867502;0.4563768;NaN;1.0000044;0.15465036;1.0;1.6543691;Infinity;1.0;Infinity;1.0;1.0000044
RespondedExistence(ER Triage,ER Registration);0.095768355;1.0;0.095768355;NaN;0.0;0.095768355;1.0;0.90423167;1.0;NaN;3.002584E-6;NaN;0.095768355;1.0;0.0;1.0;0.095768355;NaN;NaN;0.0;NaN;0.0;1.0;0.9902493;NaN;0.0;0.0;NaN;NaN;0.0;0.30946463;0.0;Infinity;0.095768355;NaN;1.0;NaN
NotSuccession(IV Antibiotics,ER Sepsis Triage);0.15434355;1.0;1.0;-Infinity;1.0;0.9999972;6.479053;0.97617805;1.0;Infinity;0.26104516;1.0;0.15434355;0.15434355;0.84565645;Infinity;1.0;1.0;1.0;0.3322295;Infinity;0.9761781;-2.6421087;0.9939047;NaN;2.695783;0.4160767;NaN;1.0000033;0.13052161;1.0;1.8685744;Infinity;1.0;Infinity;1.0;1.0000033
RespondedExistence(Leucocytes,ER Registration);0.1869487;1.0;0.1869487;NaN;0.0;0.1869487;1.0;0.8130513;1.0;NaN;-2.2798777E-6;NaN;0.1869487;1.0;0.0;1.0;0.18694872;NaN;NaN;0.0;NaN;0.0;1.0;0.99495703;NaN;0.0;0.0;NaN;NaN;0.0;0.43237564;0.0;Infinity;0.1869487;NaN;1.0;NaN
RespondedExistence(Leucocytes,ER Triage);0.1869487;1.0;0.1869487;NaN;0.0;0.1869487;1.0;0.8130513;1.0;NaN;-2.2798777E-6;NaN;0.1869487;1.0;0.0;1.0;0.18694872;NaN;NaN;0.0;NaN;0.0;1.0;0.99495703;NaN;0.0;0.0;NaN;NaN;0.0;0.43237564;0.0;Infinity;0.1869487;NaN;1.0;NaN
NotSuccession(Release A,ER Registration);0.14048164;1.0;1.0;-Infinity;1.0;0.9999973;7.118368;0.9802649;1.0;Infinity;0.24149503;1.0;0.14048164;0.14048164;0.85951835;Infinity;1.0;1.0;1.0;0.32215503;Infinity;0.9802649;-2.5847871;0.9933113;NaN;2.8315465;0.3977803;NaN;1.0000031;0.120746545;1.0;1.9626786;Infinity;1.0;Infinity;1.0;1.0000031
NotSuccession(Release A,ER Sepsis Triage);0.14044988;1.0;1.0;-Infinity;1.0;0.9999973;7.119978;0.98027384;1.0;Infinity;0.24144936;1.0;0.14044988;0.14044988;0.8595501;Infinity;1.0;1.0;1.0;0.32213053;Infinity;0.98027396;-2.5846555;0.9933098;NaN;2.8318727;0.3977362;NaN;1.0000031;0.12072371;1.0;1.9629046;Infinity;1.0;Infinity;1.0;1.0000031
NotSuccession(Release A,ER Triage);0.14080569;1.0;1.0;-Infinity;1.0;0.9999974;7.1019855;0.98017377;1.0;Infinity;0.24196081;1.0;0.14080569;0.14080569;0.8591943;Infinity;1.0;1.0;1.0;0.32240477;Infinity;0.9801737;-2.5861337;0.9933265;NaN;2.8282225;0.3982298;NaN;1.0000031;0.12097945;1.0;1.9603744;Infinity;1.0;Infinity;1.0;1.0000031
NotSuccession(Release B,ER Registration);0.09916191;1.0;1.0;-Infinity;1.0;1.0000026;10.0845175;0.9901669;1.0;Infinity;0.1786555;1.0;0.09916191;0.09916191;0.9008381;Infinity;1.0;1.0;1.0;0.28367376;Infinity;0.9901669;-2.4110146;0.9905767;NaN;3.3340702;0.33061275;NaN;0.999997;0.089328825;1.0;2.3110013;Infinity;1.0;Infinity;1.0;0.9999971
NotSuccession(Release B,ER Sepsis Triage);0.09913016;1.0;1.0;-Infinity;1.0;1.0000027;10.087748;0.9901732;1.0;Infinity;0.17860459;1.0;0.09913016;0.09913016;0.90086985;Infinity;1.0;1.0;1.0;0.28363836;Infinity;0.9901733;-2.410881;0.99057376;NaN;3.3345323;0.3305527;NaN;0.9999971;0.089303374;1.0;2.3113215;Infinity;1.0;Infinity;1.0;0.999997
NotSuccession(Release B,ER Triage);0.09948598;1.0;1.0;-Infinity;1.0;1.0000026;10.051667;0.9901025;1.0;Infinity;0.1791749;1.0;0.09948598;0.09948598;0.900514;Infinity;1.0;1.0;1.0;0.2840347;Infinity;0.9901024;-2.4123836;0.99060684;NaN;3.3293629;0.33122492;NaN;0.999997;0.089588515;1.0;2.3077385;Infinity;1.0;Infinity;1.0;0.999997
NotSuccession(Release B,Leucocytes);0.19066629;1.0;1.0;-Infinity;1.0;0.99999774;5.2447658;0.96364635;1.0;Infinity;0.30862668;1.0;0.19066629;0.19066629;0.8093337;Infinity;1.0;1.0;1.0;0.35339838;Infinity;0.9636464;-2.7876709;0.99505436;NaN;2.3908784;0.4558599;NaN;1.0000027;0.15431266;1.0;1.6572306;Infinity;1.0;Infinity;1.0;1.0000027
NotSuccession(Release C,ER Registration);0.096861;1.0;1.0;-Infinity;1.0;1.0000031;10.324073;0.99061793;1.0;Infinity;0.1749554;1.0;0.096861;0.096861;0.903139;Infinity;1.0;1.0;1.0;0.28107944;Infinity;0.99061793;-2.4012818;0.99035716;NaN;3.3679404;0.32622206;NaN;0.99999654;0.08747894;1.0;2.3344784;Infinity;1.0;Infinity;1.0;0.9999966
NotSuccession(Release C,ER Sepsis Triage);0.09682925;1.0;1.0;-Infinity;1.0;1.0000031;10.327457;0.99062407;1.0;Infinity;0.17490423;1.0;0.09682925;0.09682925;0.90317076;Infinity;1.0;1.0;1.0;0.28104326;Infinity;0.990624;-2.401149;0.99035406;NaN;3.3684132;0.32616094;NaN;0.99999666;0.08745335;1.0;2.3348062;Infinity;1.0;Infinity;1.0;0.99999666
NotSuccession(Release C,ER Triage);0.097185075;1.0;1.0;-Infinity;1.0;1.0000031;10.289645;0.99055505;1.0;Infinity;0.17547777;1.0;0.097185075;0.097185075;0.9028149;Infinity;1.0;1.0;1.0;0.28144822;Infinity;0.9905549;-2.4026508;0.9903887;NaN;3.3631213;0.3268452;NaN;0.9999966;0.08774014;1.0;2.3311381;Infinity;1.0;Infinity;1.0;0.9999966
NotSuccession(Release C,Leucocytes);0.18836543;1.0;1.0;-Infinity;1.0;0.999998;5.30883;0.9645185;1.0;Infinity;0.30576906;1.0;0.18836543;0.18836543;0.81163454;Infinity;1.0;1.0;1.0;0.3522582;Infinity;0.9645185;-2.7787063;0.9949946;NaN;2.4083939;0.45365816;NaN;1.0000025;0.15288389;1.0;1.6693715;Infinity;1.0;Infinity;1.0;1.0000025
NotSuccession(Release D,ER Registration);0.096662365;1.0;1.0;-Infinity;1.0;1.0000029;10.345287;0.9906564;1.0;Infinity;0.17463517;1.0;0.096662365;0.096662365;0.90333766;Infinity;1.0;1.0;1.0;0.28085285;Infinity;0.99065626;-2.4004505;0.9903377;NaN;3.3709018;0.32583934;NaN;0.9999968;0.08731875;1.0;2.3365312;Infinity;1.0;Infinity;1.0;0.9999968
NotSuccession(Release D,ER Sepsis Triage);0.09663062;1.0;1.0;-Infinity;1.0;1.0000029;10.348686;0.9906625;1.0;Infinity;0.17458394;1.0;0.09663062;0.09663062;0.90336937;Infinity;1.0;1.0;1.0;0.28081658;Infinity;0.9906624;-2.4003148;0.99033463;NaN;3.3713758;0.32577813;NaN;0.9999968;0.08729314;1.0;2.3368595;Infinity;1.0;Infinity;1.0;0.9999968
NotSuccession(Release D,ER Triage);0.096986435;1.0;1.0;-Infinity;1.0;1.0000029;10.31072;0.9905936;1.0;Infinity;0.17515782;1.0;0.096986435;0.096986435;0.9030136;Infinity;1.0;1.0;1.0;0.2812223;Infinity;0.9905937;-2.4018192;0.9903694;NaN;3.3660731;0.32646343;NaN;0.99999684;0.08758007;1.0;2.3331842;Infinity;1.0;Infinity;1.0;0.99999684
NotSuccession(Release D,Leucocytes);0.18816678;1.0;1.0;-Infinity;1.0;0.9999978;5.314434;0.9645933;1.0;Infinity;0.3055215;1.0;0.18816678;0.18816678;0.8118332;Infinity;1.0;1.0;1.0;0.3521586;Infinity;0.9645932;-2.7779334;0.99498934;NaN;2.4099162;0.45346615;NaN;1.0000027;0.15276004;1.0;1.6704265;Infinity;1.0;Infinity;1.0;1.0000027
NotSuccession(Release E,ER Registration);0.09574774;1.0;1.0;-Infinity;1.0;1.0000029;10.444111;0.9908324;1.0;Infinity;0.17315789;1.0;0.09574774;0.09574774;0.9042523;Infinity;1.0;1.0;1.0;0.27980396;Infinity;0.9908324;-2.3965867;0.99024725;NaN;3.3846178;0.3240695;NaN;0.99999684;0.08658011;1.0;2.3460383;Infinity;1.0;Infinity;1.0;0.99999684
NotSuccession(Release E,ER Sepsis Triage);0.09571599;1.0;1.0;-Infinity;1.0;1.0000029;10.447575;0.99083847;1.0;Infinity;0.17310658;1.0;0.09571599;0.09571599;0.904284;Infinity;1.0;1.0;1.0;0.2797674;Infinity;0.9908384;-2.3964531;0.9902441;NaN;3.385096;0.32400784;NaN;0.9999968;0.08655444;1.0;2.3463697;Infinity;1.0;Infinity;1.0;0.99999684
NotSuccession(Release E,ER Triage);0.09607182;1.0;1.0;-Infinity;1.0;1.0000029;10.408879;0.9907702;1.0;Infinity;0.1736817;1.0;0.09607182;0.09607182;0.90392816;Infinity;1.0;1.0;1.0;0.28017664;Infinity;0.9907701;-2.3979542;0.9902795;NaN;3.3797429;0.32469803;NaN;0.9999968;0.08684202;1.0;2.3426592;Infinity;1.0;Infinity;1.0;0.99999684
NotSuccession(Release E,Leucocytes);0.18725215;1.0;1.0;-Infinity;1.0;0.99999756;5.3403926;0.9649366;1.0;Infinity;0.3043791;1.0;0.18725215;0.18725215;0.81274784;Infinity;1.0;1.0;1.0;0.35169744;Infinity;0.9649366;-2.7743635;0.99496514;NaN;2.4169457;0.4525783;NaN;1.000003;0.15218878;1.0;1.6752992;Infinity;1.0;Infinity;1.0;1.000003
NotSuccession(Return ER,ER Registration);0.11326313;1.0;1.0;-Infinity;1.0;1.000001;8.828999;0.9871715;1.0;Infinity;0.2008684;1.0;0.11326313;0.11326313;0.88673687;Infinity;1.0;1.0;1.0;0.29842764;Infinity;0.9871715;-2.4705858;0.9917305;NaN;3.1422498;0.35590106;NaN;0.99999887;0.100434594;1.0;2.1780417;Infinity;1.0;Infinity;1.0;0.99999887
NotSuccession(Return ER,ER Sepsis Triage);0.11323138;1.0;1.0;-Infinity;1.0;1.000001;8.831473;0.9871787;1.0;Infinity;0.20081931;1.0;0.11323138;0.11323138;0.88676864;Infinity;1.0;1.0;1.0;0.2983965;Infinity;0.98717856;-2.4704533;0.99172825;NaN;3.1426542;0.3558471;NaN;0.99999887;0.10041004;1.0;2.1783218;Infinity;1.0;Infinity;1.0;0.99999887
NotSuccession(Return ER,ER Triage);0.1135872;1.0;1.0;-Infinity;1.0;1.000001;8.803809;0.9870979;1.0;Infinity;0.20136951;1.0;0.1135872;0.1135872;0.8864128;Infinity;1.0;1.0;1.0;0.29874504;Infinity;0.98709804;-2.4719508;0.9917537;NaN;3.1381278;0.35645115;NaN;0.99999887;0.10068515;1.0;2.1751845;Infinity;1.0;Infinity;1.0;0.99999887
MODEL;0.68280286;1.0;1.0;-Infinity;1.0;1.0000001;1.4645516;0.5337802;1.0;Infinity;0.4331663;1.0;0.68280286;0.68280286;0.31719714;Infinity;1.0;1.0;1.0;0.26210597;Infinity;0.5337802;-1.883374;0.99860907;NaN;0.55045897;0.37585497;NaN;0.99999946;0.2165831;1.0;0.3815491;Infinity;1.0;Infinity;1.0;0.99999946
